Recipe Name,with Title,Calories,Prep Time,Cook Time,Recipe Bio,Bust Out List,Ingredients,Instructions,Instructions,Dairy-Free,Vegetarian
BALSAMIC TOMATO & HERB CHICKEN,over Buttery Garlic Spaghetti,850,5,30,"SPOONFUL OF SUGAR
In step 4, you'll be adding a bit of sugar to your tomato mixture.
Rather than turning the balsamic tomato into a dessert course, the sugar helps balance out the acidity of the tomato and vinegar for a delicious depth of flavor.","Large pot,Paper towels,Medium pan,Baking sheet,Strainer,Kosher salt,Black pepper,Cooking oil (2 tsp | 2 tsp),Sugar (¼ tsp | ½ tsp),Butter (4 TBSP | 7 TBSP),Contains: Milk","1|2
Roma Tomato,1|1
Green Herb
Blend,1 Clove | 2 Cloves
Garlic,10 oz | 20 oz
Chicken Cutlets**,1 TBSP| 1 TBSP
Italian Seasoning,½ Cup | 1 Cup
Mozzarella Cheese
Contains: Milk,6 oz | 12 oz
Spaghetti
Contains: Wheat,5 tsp | 5 tsp
Balsamic Vinegar","PREP Adjust rack to top position and preheat oven to 425 degrees. Bring a large pot of salted water to a boil. Wash and dry produce. Finely dice tomato. Thinly slice chives. Pick parsley leaves from stems; finely chop leaves. Peel and mince garlic. , COOK CHICKEN Pat chicken* dry with paper towels. Season with 1 tsp Italian Seasoning (2 tsp for 4 servings) salt and pepper. (You'll use the remaining Italian Seasoning later.) Heat a drizzle of oil in a medium pan over medium-high heat. Add chicken and cook until browned 2-3 minutes per side. Transfer chicken to a baking sheet. Top with half the mozzarella (save the rest for serving). Roast on top rack until chicken is cooked through and cheese melts 9-11 minutes. , COOK PASTA Once water is boiling add spaghetti to pot. Cook stirring occasionally until al dente 9-11 minutes. Reserve ½ cup pasta cooking water then drain. Keep empty pot handy for step 5. , MAKE BALSAMIC TOMATO While pasta cooks heat a drizzle of oil in pan used for chicken over medium-high heat. Add tomato and remaining Italian Seasoning. Cook stirring until slightly softened 1-2 minutes. Stir in vinegar and ¼ tsp sugar ½2 tsp for 4 servings). Simmer until mixture is slightly thickened minute. Remove pan from heat and stir in 1 TBSP butter (2 TBSP for 4) until melted. Stir in chives and chopped parsley: season with salt and pepper. Turn off heat. , TOSS PASTA Melt 2 TBSP butter (4 TBSP for 4 servings) in pot used for pasta over low heat. Stir in garlic; cook until fragrant seconds. Add drained spaghetti TBSP reserved pasta cooking water (4 TBSP for 4) and 1 TBSP butter. Toss to thoroughly combine. Season generously with salt and pepper. , FINISH & SERVE Slice chicken crosswise if desired. Divide spaghetti between bowls and top with chicken. Spoon balsamic tomato over chicken. Sprinkle with remaining mozzarella and serve.",https://i.imgur.com/Ayq7lyN.jpeg,FALSE,FALSE
BANH MI-STYLE PORK MEATBALL BOWLS,"with Pickled Veggie Salad, Ginger Rice & Chili Mayo",850,10,30,"BANH MI-STYLE
MEATBALLS
Aromatic pork meatballs are spooned over rice with a few classic banh mi sandwich toppings: crisp pickled veggies, creamy mayo, and fragrant cilantro. THE RICE IS RIGHT
Want to nail the perfect pot of rice?
Once your water boils in step 2. immediately cover the pot with a tight-fitting lid and reduce the heat to the lowest setting. Let it simmer until no water remains (resisting the urge to peek!). Finally, let the pot sit off heat for a few minutes while you cook the rest of the meal. This crucial step allows the moisture to redistribute, giving you tender, fluffy grains every time.","Small pot,2 Large bowls,Baking sheet,Medium bowl,Small bowl,Kosher salt,Black pepper,Cooking oil (1 tsp | 1 tsp),Sugar (½ tsp | 1 tsp),Butter (1 TBSP | 2 TBSP),Contains: Milk","1 Thumb | 2 Thumbs
Ginger,1 Clove | 2 Cloves
Garlic,1|2
Persian Cucumber,¼ oz | ½ oz
Cilantro,5 tsp | 5 tsp
White Wine
Vinegar,½ Cup | 1 Cup
Jasmine Rice,10 oz | 20 oz
Ground Pork,¼ Cup | ½ Cup
Panko
Breadcrumbs
Contains: Wheat,6 ml | 12 ml
Ponzu Sauce
Contains: Fish,Soy.
Wheat,4 oz | 8 oz
Shredded Carrots,2 TBSP | 4 TBSP
Mayonnaise
Contains: Eggs,1 oz | 2 oz
Sweet Thai
Chili Sauce
Contains: Soy,4 TBSP | 8 TBSP
Sweet Soy Glaze
Contains: Soy,Wheat","PREP Adjust rack to top position and preheat oven to 425 degrees. Wash and dry produce. Peel and mince or grate ginger. Peel and mince garlic. Trim and halve cucumber lengthwise; thinly slice crosswise into half-moons. Finely chop cilantro. , COOK RICE Melt 1 TBSP butter (2 TBSP for 4 servings) in a small pot over medium-high heat. Add half the ginger and cook until fragrant seconds. Stir in rice ¾ cup water (1½ cups for 4) and a pinch of salt. Bring to a boil then cover and reduce heat to low. Cook until rice is tender 15-18 minutes. Keep covered off heat until ready to serve. , FORM & COOK MEATBALLS While rice cooks. in a large bowl combine pork"". panko ponzu garlic remaining ginger salt (we used ¾ tsp; 1½ tsp for 4 servings) and pepper. Form mixture into 10-12 meatballs (20-24 meatballs for 4). Place meatballs on a lightly oiled baking sheet. Roast on top rack until browned and cooked through 14-16 minutes. , MAKE SALAD & MIX MAYO Meanwhile in a medium bowl combine cucumber carrots half the cilantro and ¼ of the vinegar. Season with salt and pepper. In a small bowl combine mayonnaise ¼ of the vinegar and up to half the chili sauce to taste (save the rest for the next step). , MAKE SAUCE & TOSS In a second large bowl combine 2½ TBSP sweet soy glaze (5 TBSP for 4 servings) ½ tsp sugar (1 tsp for 4) and remaining chili sauce to taste. (Be sure to measure the sweet soy glaze; we sent more.) Once meatballs are done carefully transfer to bowl with sauce; toss until meatballs are thoroughly coated and sauce is just warmed through. , FINISH & SERVE Fluff rice with a fork; season with salt and pepper. Divide rice between bowls and top with meatballs any remaining sauce from bowl and pickled veggie salad. Drizzle with chili mayo. Garnish with remaining cilantro and serve.",https://i.imgur.com/Ayq7lyN.jpeg,FALSE,FALSE
CARAMELIZED ONION SWISSBURGS,with Roasted Garlic Horseradish Aioli & Potato Wedges,1090,10,30,"ROASTED GARLIC
HORSERADISH AIOLI
This punchy combo of roasted garlic, wasabi paste (aka horseradish), and mayo is all you need for burger bliss. COVER TO COVER
If your pan doesn't have a lid, no worries! Use the bottom of a baking sheet or a piece of foil in step 4 to help melt the cheese instead.","Aluminum foil,Baking sheet,Large pan,Medium bowl,Large bowl,Small bowl,Kosher salt,Black pepper,Cooking oil (5 tsp | 5 tsp),Sugar (1 tsp | 2 tsp)","12 oz | 24 oz
Yukon Gold
Potatoes*,1 Clove | 2 Cloves
Garlic,1|2
Yellow Onion,1 TBSP | 2 TBSP
Fry Seasoning,10 oz | 20 oz
Ground Beef,2 Slices | 4 Slices
Swiss Cheese
CondinsMik,4 TBSP | 8 TBSP
Mayonnaise
Contains: Eggs,1 tsp | 2 tsp
Wasabi Paste,2|4
Potato Buns
Contains: Eggs,Milk.
Soy.","PREP Adjust rack to top position and preheat oven to 425 degrees. Wash and dry produce. Cut potatoes into ½-inch-thick wedges. Peel garlic and place in the center of a small piece of foil; drizzle with oil and season with salt. Cinch into a packet. Halve peel and thinly slice onion. , ROAST POTATOES & GARLIC Toss potatoes on a baking sheet with a drizzle of oil half the Fry Seasoning (you'll use the rest later) salt and pepper. Place garlic foil packet on same sheet. Roast on top rack until potatoes are browned and crispy and garlic is softened 20-25 minutes for potatoes and 15-20 minutes for garlic. , CARAMELIZE ONION Meanwhile heat a large drizzle of oil in a large pan over medium-high heat. Add onion; cook stirring occasionally. until browned and softened 8-10 minutes. Stir in 1 tsp sugar (2 tsp for 4 servings) and a splash of water; cook until onion is caramelized and jammy 2-3 minutes more. Season with salt and pepper. Turn off heat; transfer to a medium bowl. Wipe out pan. , FORM & COOK PATTIES While onion cooks in a large bowl. combine beef*. remaining Fry Seasoning salt (we used ¾ tsp; 1½ tsp for 4 servings) and pepper. Form into two patties (four patties for 4). each slightly wider than a burger bun. Once onion is done heat a drizzle of oil in same pan over medium-high heat. Add patties and cook to desired doneness 3-5 minutes per side. In the last 1-2 minutes of cooking top patties with Swiss cheese; cover pan to melt cheese. Swap in turkey* for beef; cook until browned and cooked through 4-7 minutes per side. , MAKE AIOLI & TOAST BUNS While patties cook carefully unwrap foil packet; mash roasted garlic with a fork or finely chop. In a small bowl combine mayonnaise. roasted garlic and wasabi to taste. (TIP: Start with half the wasabi then taste and add more from there if you like.) Season with salt and pepper. Halve and toast buns. , SERVE Spread bottom buns with as much aioli as you like (save a bit for dipping if desired). Fill buns with patties and caramelized onion. Divide burgers and potato wedges between plates. Serve any remaining aioli on the side. TIP: If you have ketchup on hand serve some on the side for dipping.",https://i.imgur.com/Ayq7lyN.jpeg,FALSE,FALSE
CAVATAPPI BEEF RAGÙ,with Parmesan & Parsley,970,5,25,"PASTA PERFECT
If you want to check if your cavatappi is al dente, Italian for ""to the tooth,"" give one a taste! It should have a slightly undercooked bite at the center.
The pasta will finish as it simmers in the sauce and reach tender, chewy perfection by the time you're ready to eat.","Large pot,Peeler,Strainer,Large pan,Kosher salt,Black pepper,Cooking oil (2 tsp | 2 tsp),Butter (1 TBSP | 2 TBSP),Contains: Milk","3 oz|6 OZ
Carrot,¼ oz | ¼,oz
Parsley,6 oz | 12 oz
Cavatappi Pasta
Contains: Wheat,10 oz | 20 oz
Ground Beef,1 TBSP | 2 TBSP
Italian Seasoning,14 oz | 28 oz
Marinara Sauce,2 TBSP | 4 TBSP
Cream Cheese
Contains; Milk,¼ Cup | ½ Cup
Parmesan Cheese
Contains: Milk","PREP Bring a large pot of salted water to a boil. Wash and dry produce. Trim peel and finely chop carrot. Pick parsley leaves from stems; roughly chop leaves. , COOK PASTA Once water is boiling add cavatappi to pot. Cook stirring occasionally until al dente 9-11 minutes. Drain. , COOK CARROT While cavatappi cooks heat a drizzle of oil in a large pan over medium heat. Add carrot; cook stirring until browned and tender 6-8 minutes. Season with salt and pepper. , COOK BEEF Increase heat under pan with carrot to medium high and add a drizzle of oil. Push carrot to one side of pan. Add beef to empty side. Cook breaking up meat into pieces until browned. Sprinkle with Italian Seasoning. Cook stirring until beef is cooked through 4-6 minutes. Season generously with salt and pepper. Stir carrot and beef to combine. , FINISH SAUCE Stir in marinara and ⅓ cup water (½ cup for 4 servings). Reduce to a simmer and cook until sauce has slightly thickened 3-4 minutes. Reduce heat to low. Stir in cream cheese until thoroughly combined. Add drained cavatappi TBSP butter (2 TBSP for 4) and half the chopped parsley: stir until pasta is warmed through 1-2 minutes. (For 4 if pan is too small carefully transfer everything to pot used for pasta.) Season with salt and pepper. , SERVE Divide pasta between bowls. Top with Parmesan and remaining chopped parsley. Serve.",https://i.imgur.com/Ayq7lyN.jpeg,FALSE,FALSE
CHE BUONO CHICKEN SPAGHETTI,with Grape Tomatoes & Italian Herbs,870,5,25,"GET IT DOWN PAT
Why do we always ask you to pat your meat dry with paper towels?
Blotting out as much moisture as possible allows the seasonings to really stick and ensures even browning once the chicken hits the hot pan for deliciously caramelized edges.","Large pot,Paper towels,Large pan,Strainer,Kosher salt,Black pepper,Olive oil (2 tsp | 2 tsp),Butter (2 TBSP| 4 TBSP),Contains: Milk","4 oz | 8 oz
Grape Tomatoes,1|1
Shallot,1 Clove | 2 Cloves
Carlic,10 oz 20 oz
Chicken Breast
Strips,1 TBSP | 2 TBSP
Italian Seasoning,6 oz | 12 oz
Spaghetti
Contains: Wheat,4 oz | 8 oz
Cream Sauce
Base
Contains: Milk,2 TBSP | 4 TBSP
Cream Cheese
Contains: Milk,¼ Cup | ½ Cup
Parmesan Cheese
Contains: Milk","PREP Bring a large pot of salted water to a boil. Wash and dry produce. Halve tomatoes lengthwise. Halve. peel and mince half the shallot (whole shallot for 4 servings). Peel and mince or grate garlic. , COOK CHICKEN Pat chicken* dry with paper towels; season all over with half the Italian Seasoning (you'll use the rest later) salt and pepper. Heat a large drizzle of olive oil in a large pan over medium-high heat. Add chicken in a single layer; cook stirring until browned and cooked through 4-6 minutes. Turn off heat; transfer chicken to a plate. Wipe out pan. , COOK PASTA Once water is boiling add spaghetti to pot. Cook stirring occasionally until al dente 9-11 minutes (you'll start the tomatoes after 5 minutes). Reserve 1 cup pasta cooking water then drain. , COOK TOMATOES Once spaghetti has cooked 5 minutes melt 2 TBSP butter (4 TBSP for 4 servings) in pan used for chicken over medium-high heat. Add tomatoes minced shallot and garlic; cook until shallot and garlic are softened and fragrant 1-2 minutes. TIP: If mixture begins to brown too quickly reduce heat to medium. , MAKE SAUCE Reduce heat under pan with tomato mixture to medium. Stir in cream sauce base cream cheese and remaining Italian Seasoning. Bring to a simmer; cook until melted and combined. Season with salt and pepper. , FINISH & SERVE Add chicken and drained spaghetti to pan with sauce; toss until coated and creamy adding splashes of reserved pasta cooking water as needed. Stir in half the Parmesan and season with salt and pepper. Divide chicken spaghetti between bowls. Sprinkle with remaining Parmesan and serve.",https://i.imgur.com/Ayq7lyN.jpeg,FALSE,FALSE
CHICKEN FAJITA BOWLS,"with Blue Corn Tortilla Chips, Pico de Callo & Chili Lime Crema",780,10,35,"MAKE IT YOUR OWN
The best part of a homemade fajita bowl? You get to make it exactly the way you like it! Craving your crema on the side for a chip dipper? You do you! Prefer everything mixed together instead of layered in your bowl? Go for it! Want to transform your chips into a crispy topping? Brush 'em with oil and bake until warm and extra-crunchy, then crumble and sprinkle over your bowl.","Zester,Small pot,2 Small bowls,Large pan,Medium bowl,Paper towels,Kosher salt,Black pepper,Cooking oil (2 tsp | 2 tsp),Butter (1 TBSP | 2 TBSP),Contains: Milk","1|2
Roma Tomato,1|1
Yellow Onion,1|1
Jalapeño D,1|1
Lime,1|2
Long Green
Pepper,½ Cup | 1 Cup
Jasmine Rice,4 TBSP | 8 TBSP
Sour Cream
Contains: Milk,1 tsp | 2 tsp
Chili Powder,10 oz | 20 oz
Chicken
Breast Strips,1 TBSP | 2 TBSP
Southwest
Spice Blend,1|2
Chicken Stock
Concentrate,¼ Cup | ½ Cup
Monterey Jack
Cheese
Contains: Milk,1.5 oz | 3 oz
Blue Corn
Tortilla Chips","PREP Wash and dry produce. Dice tomato. Halve peel and thinly slice onion; mince a few slices until you have 2 TBSP (4 TBSP for 4 servings). Zest and quarter lime. Mince jalapeño removing ribs and seeds for less heat. Halve core and thinly slice green pepper into strips. , COOK RICE In a small pot combine rice ¾ cup water (1½ cups for 4 servings) and a big pinch of salt. Bring to a boil then cover and reduce to a low simmer. Cook until rice is tender 15-18 minutes. Keep covered off heat until ready to serve. , MAKE PICO & CREMA While rice cooks in a small bowl combine tomato minced onion a squeeze of lime juice and as much jalapeño as you like. Season with salt and pepper. In a separate small bowl combine sour cream a squeeze of lime juice and a pinch of chili powder (you'll use the rest later). Season with salt and pepper. Stir in water 1 tsp at a time until mixture reaches a drizzling consistency. , COOK VEGGIES Heat a drizzle of oil in a large pan over medium-high heat. Add green pepper and sliced onion; cook stirring occasionally until browned and softened 7-9 minutes. Season with salt and pepper. TIP: Lower heat and add a splash of water if veggies begin to brown too quickly. Turn off heat; transfer to a medium bowl and cover to keep warm. Wipe out pan. , COOK CHICKEN While veggies cook pat chicken* dry with paper towels. Once veggies are done heat another drizzle of oil in same pan over medium-high heat. Add chicken in a single layer Southwest Spice and remaining chili powder. Cook stirring occasionally until chicken is browned and cooked through 4-6 minutes. Stir in stock concentrate and a splash of water; cook until saucy 1-2 minutes. Turn off heat. Season with salt and pepper. , FINISH & SERVE Fluff rice with a fork; stir in 1 TBSP butter (2 TBSP for 4 servings) and lime zest. Season with salt and pepper. Divide rice between bowls and top with chicken and veggies. Drizzle with crema. Top with Monterey Jack and pico de gallo. Serve with tortilla chips and remaining lime wedges on the side.",https://i.imgur.com/Ayq7lyN.jpeg,FALSE,FALSE
CHICKEN PENNE LIMONE,"with Zucchini, Toasted Garlic & Fresh Herlos",880,5,20,"THE PERFECT TOAST
In step 2, you'll want to toast your garlic-since it can burn in a flash, be sure to keep a close eye on it; transfer it to a paper-towel-lined plate as soon as it's done so it doesn't keep cooking in the hot pan.","Large pot,Zester,Large pan,Slotted spoon,Paper towels,Strainer,Kosher salt,Black pepper,Olive oil (1 tsp / 1 tsp),Cooking oil (2 tsp | 2 tsp),Butter (2 TBSP | 3 TBSP),Contains: Milk","1 Clove | 2 Cloves
Garlic,1|2
Zucchini,1|1
Lemon,1|1
Green Herb
Blend,6 oz | 12 oz
Penne Pasta
Contains: Wheat,10 oz | 20 oz
Chicken Breast
Strips,4 Oz 8 OZ
Cream Sauce
Base
Contains: Milk,¼ Cup | ½ Cup
Parmesan Cheese
Contains: Milk","PREP Bring a large pot of salted water to a boil. Wash and dry produce. Peel and thinly slice garlic. Trim and quarter zucchini lengthwise; cut crosswise into ½-inch-thick pieces. Zest and quarter lemon. Mince chives. Finely chop parsley. , TOAST GARLIC Heat a drizzle of olive oil in a large. preferably nonstick pan over medium heat. Add garlic and cook stirring occasionally until golden and fragrant minute. TIP: Keep a close eye on the garlic to avoid burning. Remove from heat as soon as it turns a pale golden color. Turn off heat; using a slotted spoon. transfer garlic to a paper-towel-lined plate. Wipe out pan. , COOK PASTA & ZUCCHINI Once water is boiling add penne to pot. Cook stirring occasionally until al dente 9-11 minutes. Reserve 1 cup pasta cooking water. then drain and set aside. While pasta cooks heat a drizzle of oil in pan used for garlic over medium-high heat. Add zucchini and cook stirring until tender and lightly golden 5-6 minutes. Season with salt and pepper. Transfer to a plate. , COOK CHICKEN While zucchini cooks pat chicken* dry with paper towels; season with salt and pepper. Once zucchini is done heat a drizzle of oil in same pan over medium-high heat. Add chicken in a single layer and cook stirring occasionally until browned and cooked through 4-6 minutes. Reduce heat to medium. , MAKE SAUCE Stir in cream sauce base ¼ cup reserved pasta cooking water ½ cup for 4 servings) and a big squeeze of lemon juice; cook stirring occasionally. until thickened 2-3 minutes. TIP: If sauce seems too thick stir in another splash or two of pasta cooking water. , FINISH & SERVE Add drained penne toasted garlic. zucchini half the Parmesan half the herbs half the lemon zest (use all the zest if desired) and 2 TBSP butter (3 TBSP for 4 servings) to pan with sauce. Toss to combine. Season with salt and pepper. TIP: If needed stir in more pasta cooking water a splash at a time until everything is coated in a creamy sauce. Divide pasta between bowls. Top with remaining Parmesan and herbs. Serve with remaining lemon wedges on the side.",https://i.imgur.com/Ayq7lyN.jpeg,FALSE,FALSE
CHICKEN SAUSAGE & SPINACH RICOTTA RAVIOLI,with Tomato & Lemon,760,5,20,"HEAD START
To get dinner moving along. heat up your pan while you slice the scallions in step 1. Then, get started with step 2 while you prep the tomato and lemon.","Large pot,Large pan,Strainer,Kosher salt,Black pepper,Cooking oil (2 tsp | 2 tsp),Butter (1 TBSP | 2 TBSP),Contains: Milk","2|4
Scallions,1|2
Roma Tomato,1|1
Lemon,9 oz | 18 oz
Italian Chicken Sausage Mix**,1 TBSP | 2 TBSP
Italian Seasoning,9 oz | 18 oz
Spinach & Ricotta
Ravioli
Contains: Eggs,Milk.
Wheat,1|2
Chicken Stock
Concentrate,4 TBSP | 8 TBSP
Sour Cream
Contains: Milk","PREP Bring a large pot of salted water to a boil. Wash and dry produce. Trim and thinly slice scallions separating whites from greens. Dice tomato. Quarter lemon. , COOK SAUSAGE MIXTURE Heat a large drizzle of oil in a large pan over medium-high heat. Add sausage*. scallion whites and Italian Seasoning. Cook breaking up meat into pieces until sausage is browned and scallions are softened 3-5 minutes (the sausage will finish cooking in step 4). Stir in tomato and cook until just softened 1-2 minutes. Turn off heat. , COOK PASTA Once water is boiling gently add ravioli to pot. Reduce to a low simmer. Cook stirring occasionally until al dente and floating to the top. 4-5 minutes. Reserve ½ cup pasta cooking water (1 cup for 4 servings) then drain. TIP: Gently shake strainer with ravioli in it to remove as much moisture as possible. , MAKE SAUCE Stir stock concentrate a squeeze of lemon juice and a small splash of reserved pasta cooking water into pan with sausage mixture. Cook over low heat scraping up any browned bits from bottom of pan until sausage is cooked through 1-2 minutes more. Turn off heat. Stir in sour cream and 1 TBSP butter (2 TBSP for 4 servings) until melted and combined. Season with salt and pepper. TIP: If needed stir in more reserved cooking water a splash at a time until sauce reaches a creamy consistency. , FINISH PASTA Gently stir drained ravioli into pan with sauce. Season with salt pepper. and lemon juice to taste. , SERVE Divide pasta between plates or bowls. Carnish with scallion greens. Serve with any remaining lemon wedges on the side.",https://i.imgur.com/Ayq7lyN.jpeg,FALSE,FALSE
CHICKEN TIKKA MASALA RICE BOWLS,with Mango Cilantro Chutney & Pickled Onion,560,10,20,"CHUTNEY EXPRESS
In step 3, you'll microwave your mango with vinegar and sugar.
The heat not only helps the sugar dissolve but also speeds up the chutney process, so you can enjoy this tangy-sweet condiment in a snap. Make mango chutney again to serve with a cheese board or on sandwiches, like chicken salad or grilled cheese.","Small pot,Paper towels,Large pan,2 Small bowls,Strainer,Kosher salt,Black pepper,Cooking oil (1 tsp /1 tsp),Sugar (¾ tsp |1/2 tsp)","½ Cup | 1 Cup
Basmati Rice,1|2
Roma Tomato,1|1
Yellow Onion,¼ oz | ½ oz
Cilantro,10 oz | 20 oz
Chicken Breast
Strips,1 TBSP | 2 TBSP
Curry Powder,5 oz | 10 oz
Curry Sauce Base,5 tsp | 10 tsp
White Wine
Vinegar,4 oz| 8 oz
Mango,2 tsp | 2 tsp
Dijon Mustard,4 TBSP | 8 TBSP
Yogurt
Contains: Milk","COOK RICE & PREP In a small pot combine rice ¾ cup water (1½ cups for 4 servings) and a pinch of salt. Bring to a boil then cover and reduce to a low simmer. Cook until rice is tender 15-18 minutes. Keep covered off heat until ready to serve. While rice cooks wash and dry produce. Dice tomato. Halve peel and thinly slice half the onion (all for 4). Roughly chop cilantro. , COOK CHICKEN Pat chicken* dry with paper towels; season all over with curry powder salt and pepper. Heat a drizzle of oil in a large pan over medium-high heat. Add chicken; cook stirring occasionally until browned and cooked through 4-6 minutes. Reduce heat to medium. Stir in tomato and curry sauce base. Bring to a simmer and cook stirring occasionally. until tomato softens and curry thickens slightly 3-5 minutes. Remove from heat. , PICKLE ONION & MAKE CHUTNEY In a small microwave-safe bowl combine sliced onion half the vinegar (you'll use more later) ½ tsp sugar tsp water and a pinch of salt. (For 4 servings use 1 tsp sugar tsp water and ¼ tsp salt). Cover and microwave for 30 seconds. Drain mango. In a separate small microwave-safe bowl combine mango remaining vinegar and ¼ tsp sugar (½ tsp sugar for 4). Microwave for 25 seconds. Add half the chopped cilantro and half the mustard (all the mustard for 4). Using a fork combine ingredients occasionally mashing the mango to release some liquid. , FINISH & SERVE Fluff rice with a fork. Divide rice between shallow bowls or plates. Top with chicken tikka. Garnish with pickled onion (draining first) and mango chutney. Drizzle with yogurt sprinkle with remaining cilantro and serve.",https://i.imgur.com/Ayq7lyN.jpeg,FALSE,FALSE
CREAMY LEMON SPINACH RICOTTA RAVIOLI,"with Philadelphia Cream Cheese, Bell Pepper & Parmesan",600,10,40,"CREAMY LEMON SAUCE
A squeeze of citrus juice adds brightness to this luscious, Parmesan-laced pasta sauce. BOB'S YOUR UNCLE
The easiest way to tell when ravioli are done is to watch them float to the top of your pot. Once they're all bobbing at the surface of the water, they're ready to drain.","Large pot,Zester,Baking sheet,Strainer,Large pan,Whisk,Kosher salt,Black pepper,Olive oil (1 tsp | 1 tsp),Cooking oil (1 tsp | 1 tsp).,Butter (1 TBSP | 2 TBSP),Contains: Milk,Cooking oil (1 tsp | 1 tsp","1 Clove | 2 Cloves
Garlic,1|2
Bell Pepper*,1|2
Roma Tomato,1|1
Lemon,9 oz | 18 oz
Spinach and Ricotta Ravioli
Contains: Eggs. Milk.,1|2
Veggie Stock
Concentrate,2 TBSP | 4 TBSP
Philadelphia Cream
Cheese
Contains: Milk,2 TBSP | 4 TBSP
Sour Cream
Contains: Milk,¼ Cup | ½ Cup
Parmesan Cheese
Contains: Milk","PREP Adjust rack to middle position and preheat oven to 400 degrees. Bring a large pot of salted water to a boil. Wash and dry produce. Halve bell pepper; remove stem and seeds. Cut tomato into six wedges. Peel and thinly slice garlic. Zest and quarter lemon. , ROAST VEGGIES Place bell pepper and tomato on a baking sheet. Drizzle with olive oil and season with salt and pepper. Arrange bell pepper cut sides down. Roast on middle rack until veggies are softened and lightly charred 20-25 minutes. Let bell pepper cool slightly then transfer to a cutting board and thinly slice into strips. While veggies roast heat a drizzle of oil in a large pan over medium-high heat. Add sausage* and cook breaking up meat into pieces until browned and cooked through 4-6 minutes. Turn off heat; transfer to a plate. Wipe out pan. , COOK PASTA When veggies are almost done gently add ravioli to pot of boiling water. Reduce to a simmer and cook stirring occasionally until al dente and floating to the top 4-5 minutes. Reserve ½ cup pasta cooking water (1 cup for 4 servings) then drain. , COOK GARLIC Heat a drizzle of oil in a large pan over *medium heat. Add garlic and cook stirring until softened 2-3 minutes. Use pan used for sausage here. , MAKE SAUCE Add ¼4 cup reserved pasta cooking water ½ cup for 4 servings) stock concentrate Philadelphia cream cheese sour cream half the Parmesan (save the rest for serving) and 1 TBSP butter (2 TBSP for 4) to pan with garlic. Whisk until combined and creamy then stir in roasted tomato and sliced bell pepper. Add a squeeze of lemon juice to taste. Season generously with salt and pepper. (Stir in sausage along with veggies optional) , FINISH & SERVE Add drained ravioli to pan with sauce; gently toss until thoroughly coated. TIP: If necessary stir in more pasta cooking water a splash at a time until ravioli are coated in a creamy sauce. Divide between plates and top with remaining Parmesan and lemon zest to taste. Serve with any remaining lemon wedges on the side.",https://i.imgur.com/Ayq7lyN.jpeg,FALSE,TRUE
CREAMY TORTELLONI LIMONE,with Spinach & Parmesan,670,5,15,"LIMONE
A delightfully creamy, tangy pasta sauce made with lemon juice, Parmesan, and butter FLOAT ON OK
The easiest way to tell when the tortelloni are done? Watch them float to the top of your pot. Once they're all bobbing at the surface of the water, they're ready to drain.","Medium pot,Strainer,Large pan,Kosher salt,Black pepper,Butter (2 TBSP | 4 TBSP),Contains: Milk,Slotted spoon ,Paper towels ,Cooking oil (1 tsp | 1 tsp)","1|1
Lemon,9 oz | 18 oz
Cheese Tortelloni
Contains: Eggs,Milk,Wheat,4 oz | 8 oz
Cream Sauce
Base
Contains: Milk,1 tsp | 2 tsp
Garlic Powder,5 oz | 10 oz
Spinach,¼ Cup | ½ Cup
Parmesan Cheese
Contains: Milk","PREP Bring a medium pot of salted water to a boil. Wash and dry produce. Quarter lemon. , COOK PASTA Once water is boiling add tortelloni to pot. Reduce to a low simmer and cook until tender and floating to the top 3-4 minutes. Reserve ¼ cup pasta cooking water then drain. While pasta cooks heat a drizzle of oil in a large pan over medium-high heat. Add sausage* and cook breaking up meat into pieces until browned and cooked through. 5-7 minutes. Turn off heat; using a slotted spoon transfer sausage to a paper-towel-lined plate. Wipe out pan. , MAKE SAUCE & FINISH PASTA While pasta cooks heat cream sauce base juice from half the lemon (whole lemon for 4 servings) and garlic powder in a large pan over medium-high heat. Bring to a simmer then stir in spinach; cook until slightly wilted. 30-60 seconds. Remove pan from heat. Add drained tortelloni half the Parmesan and 2 TBSP butter (4 TBSP for 4) to pan with sauce; toss to coat. (TIP: If needed stir in pasta cooking water 1 tablespoon at a time until pasta is coated in creamy sauce.) Taste and season with salt and pepper. , Use pan used for sausage here. Add sausage to pan along with drained tortelloni. , SERVE Divide pasta between bowls. Sprinkle with remaining Parmesan. Serve with any remaining lemon wedges on the side.",https://i.imgur.com/Ayq7lyN.jpeg,FALSE,TRUE
GRILLING CHEESE TIKKA MASALA,over Rice with Garlic Roti-Style Tortillas,1140,10,40,"CHILL OUT
In step 2, we ask you to cut the grilling cheese into cubes and refrigerate them. Why? Chilling the cheese will help retain its shape when simmered in the sauce while getting delightfully warm and soft on the inside!","Medium pot,2 Large pans,Small bowl,Kosher salt,Black pepper,Cooking oil (1 tsp | 1 tsp),Butter (3 TBSP | 6 TBSP),Contains: Milk","½ Cup | 1 Cup
Basmati Rice,8 oz | 16 oz
Grilling Cheese
Contains: Milk,1|2
Yellow Onion,1|2
Roma Tomato,¼4 oz | ½ oz
Cilantro,1 Clove | 2 Cloves
Garlic,5 oz | 10 oz
Curry Sauce
Base
Contains: Milk,4 TBSP | 8 TBSP
Yogurt
Contains: Milk,2|4
Flour Tortillas
Contains: Wheat","COOK RICE In a medium pot combine rice ¾4 cup water (1½ cups for 4 servings) and a pinch of salt. Bring to a boil then cover and reduce to a low simmer. Cook until rice is tender 15-18 minutes. Keep covered off heat until ready to serve. , PREP While rice cooks wash and dry produce. Cut grilling cheese into ½-inch cubes. Transfer to a plate; chill in refrigerator until ready to use in step 4. Halve peel and finely dice onion. Dice tomato into ½-inch pieces. Roughly chop cilantro. Peel and mince or grate garlic. , COOK SAUCE Heat a drizzle of oil in a large pan over medium-high heat. Add onion and tomato; season with salt and pepper. Cook stirring occasionally until tender 5-7 minutes. TIP: If needed add a splash of water to help onion soften. Stir in half the cilantro; cook until fragrant seconds. Stir in curry sauce base ½ cup water (1 cup for 4 servings) TBSP butter (2 TBSP for 4) and a big pinch of salt. Bring to a simmer and cook until thickened 2-3 minutes. , ADD GRILLING CHEESE Add grilling cheese to pan with sauce; stir to combine. Bring to a simmer then reduce heat. Cook until cheese softens 2-3 minutes. TIP: If sauce seems too thick add a splash of water. Remove from heat. Stir in half the yogurt. Taste and season with salt and pepper. , MAKE ROTI-STYLE TORTILLAS Meanwhile place 2 TBSP butter (4 TBSP for 4 servings) in a small microwave-safe bowl. Microwave until melted seconds. Stir in garlic. Brush both sides of tortillas with garlic butter. Place tortillas in a second large dry pan over medium-high heat. Cook until golden brown seconds per side. TIP: You may need to work in batches. Sprinkle each tortilla with a pinch of salt. , FINISH & SERVE Fluff rice with a fork. Divide rice between shallow bowls or plates. Top with grilling cheese tikka masala. Drizzle with remaining yogurt and garnish with remaining cilantro. Serve roti-style tortillas on the side.",https://i.imgur.com/Ayq7lyN.jpeg,FALSE,TRUE
ITALIAN CHICKEN & PEPPER SANDOS,with Potato Wedges & Garlic Sauce,1110,5,35,"CRISPY BUSINESS
Wanna know the secret to extra-toasty roasted potatoes?
Put your baking sheet in the oven before heating it up. The spuds will sizzle and crisp when they hit that hot surface.","2 Baking sheets,2 Small bowls,Large pan,Paper towels,Kosher salt,Black pepper,Cooking oil (2 TBSP | 2 TBSP),Butter (2 TBSP | 4 TBSP),Contains: Milk","12 oz | 24 oz
Yukon Gold
Potatoes*,1|2
Yellow Onion,1|2
Long Green
Pepper,2 TBSP | 4 TBSP
Mayonnaise
Contains: Eggs,2 TBSP | 4 TBSP
Sour Cream
Contains: Milki,1 tsp | 2 tsp
Garlic Powder,2|4
Demi-Baguettes
Contains: Soy,Wheat,10 oz | 20 oz
Chicken Cutlets,1 TBSP | 2 TBSP
Italian Seasoning,1|2
Chicken Stock
Concentrate,½ Cup | 1 Cup
Mozzarella Cheese
Contains: Milk","PREP Adjust racks to top and middle positions and preheat oven to 450 degrees. Wash and dry produce. Cut potatoes into ½-inch-thick wedges. Halve peel and thinly slice onion. Halve core and thinly slice green pepper into strips. Pat chicken* dry with paper towels; slice crosswise into ½-inch-thick strips. , ROAST POTATOES & MIX SAUCE Toss potatoes on a baking sheet with a large drizzle of oil salt and pepper. Roast on top rack until golden brown and crispy 20-25 minutes. Meanwhile in a small bowl combine mayonnaise sour cream and half the garlic powder (you'll use the rest later). Season with salt and pepper. , COOK VEGGIES Heat a large drizzle of oil in a large pan over medium-high heat. Add onion and green pepper; cook stirring occasionally until softened and lightly browned 5-7 minutes. Season with salt and pepper. Turn off heat; transfer to a plate. , MAKE GARLIC BUNS While veggies cook in a second small microwave-safe bowl combine remaining garlic powder and 2 TBSP butter (4 TBSP for 4 servings): microwave until just softened 10-15 seconds. Stir to combine and season with salt and pepper; set aside. Slice baguettes lengthwise stopping before you get all the way through; spread garlic butter onto cut sides. Place cut sides up on a second baking sheet. Toast on middle rack until golden 2-3 minutes. , COOK CHICKEN While garlic buns toast heat a large drizzle of oil in pan used for veggies over medium-high heat. Add chicken in a single layer; season generously with Italian Seasoning salt and pepper. Cook stirring occasionally. until chicken is browned and cooked through 4-6 minutes. Stir in stock concentrate and 2 TBSP water (4 TBSP for 4 servings). Season with salt and pepper. Return veggies to pan; stir to combine. Turn off heat. , FINISH & SERVE Spread bottom halves of toasted garlic buns with half the garlic sauce. Top with chicken and veggie mixture. then sprinkle with mozzarella. Return to middle rack until cheese melts 2-3 minutes. Divide sandos and potato wedges between plates. Serve with remaining garlic sauce on the side.",https://i.imgur.com/Ayq7lyN.jpeg,FALSE,FALSE
ITALIAN CHICKEN OVER LEMONY SPAGHETTI,with Zucchini & Chili Flakes,760,5,30,"STAR(CH) OF THE SHOW
Our test kitchen's secret to luxurious, silky sauce? Pasta cooking water! The starch that the pasta releases while cooking helps emulsify sauce (aka make it nice and smooth).","Large pot,Zester,Strainer,Large pan,Paper towels,Kosher salt,Black pepper,Olive oil (2 tsp | 2 tsp),Cooking oil (2 tsp | 2 tsp),Butter (1 TBSP | 2 TBSP),Contains: Milk","1|2
Zucchini,1 Clove | 2 Cloves
Garlic,1/1
Lemon,6 oz | 12 oz
Spaghetti
Contains: Wheat,10 oz | 20 oz
Chicken Cutlets*,1 TBSP | 2 TBSP
Italian Seasoning,1 tsp | 1 tsp
Chili Flakes,1|2
Chicken Stock
Concentrate,2 TBSP | 4 TBSP
Sour Cream
Contains: Milk,¼ Cup | ½ Cup
Parmesan Cheese
Contains: Milk","PREP Bring a large pot of salted water to a boil. Wash and dry produce. Trim and quarter zucchini lengthwise; cut crosswise into ½-inch-thick pieces. Peel and mince garlic. Zest and quarter lemon. , COOK PASTA Once water is boiling add spaghetti to pot. Cook stirring occasionally until al dente 9-11 minutes. Reserve 1 cup pasta cooking water. then drain. (Keep empty pot handy for step 5.) , COOK ZUCCHINI While pasta cooks heat a drizzle of olive oil in a large preferably nonstick. pan over medium-high heat. Add zucchini: cook stirring occasionally until browned and softened. 4-6 minutes. Season with salt and pepper. Turn off heat; transfer to a plate. Wipe out pan. , COOK CHICKEN Meanwhile pat chicken* dry with paper towels and season all over with Italian Seasoning salt and pepper. Once zucchini is done heat a large drizzle of oil in same pan over medium-high heat. Add chicken and cook until browned and cooked through 3-5 minutes per side. Turn off heat; transfer to a cutting board to rest. Once cool enough to handle slice chicken crosswise. , MAKE SAUCE Heat a drizzle of olive oil in pot used for spaghetti over medium-high heat. Add garlic half the lemon zest and a pinch of chili flakes. Cook stirring until fragrant 20-30 seconds. Stir in ½ cup reserved pasta cooking water (¾ cup for 4 servings) stock concentrate and juice from two lemon wedges (four wedges for 4). Simmer until thickened 1-2 minutes. Turn off heat. , FINISH & SERVE Add drained spaghetti zucchini sour cream and 1 TBSP butter (2 TBSP for 4 servings) to pot with sauce; toss to coat. Add half the Parmesan and season with salt and pepper. TIP: If needed stir in more reserved pasta cooking water a splash at a time until spaghetti is coated in a creamy sauce. Divide pasta between bowls. Top with chicken remaining Parmesan. remaining lemon zest and a pinch of chili flakes if desired. Serve with any remaining lemon wedges on the side.",https://i.imgur.com/Ayq7lyN.jpeg,FALSE,FALSE
MELTY MONTEREY JACK BURGERS,"with Onion Jam, Garlic Mayo, & Crispy Potato Wedges",1000,10,35,"ONION JAM
Onion is gently cooked with balsamic vinegar til it's caramelized and sweet. MELT WITH YOU
If your pan doesn't have a lid, use aluminum foil to cover it in step 5.
This will help your cheese get nice and melty while ensuring your burgers don't overcook.","Baking sheet,Large pan,2 Small bowls,Kosher salt,Black pepper,Cooking oil (1 TBSP | 1 TBSP),Sugar (1 tsp | 2 tsp)","5 tsp | 10 tsp Balsamic Vinegar,12 oz | 24 oz
Yukon Gold Potatoes*,10 oz | 20 oz
Ground Beef,2 TBSP | 4 TBSP
Mayonnaise
Contains: Eggs,2 TBSP | 4 TBSP
Ketchup,1 TBSP| 1 TBSP
Fry Seasoning,½ Cup | 1 Cup
Monterey Jack
Cheese
Contains: Milk,2|4
Potato Buns
Contains: Eggs. Milk.
Soy.Wheat,1|1
Yellow Onion,1 Clove | 1 Clove
Garlic","PREP Adjust rack to top position and preheat oven to 425 degrees. Wash and dry produce. Cut potatoes into ½-inch-thick wedges. Halve peel and thinly slice onion. Peel and mince or grate half the garlic (all for 4 servings). Cut broccoli florets into bite-size pieces if necessary. (Save potatoes for another use.) , ROAST POTATOES Toss potatoes on a baking sheet with a drizzle of oil half the Fry Seasoning (all for 4 servings) salt and pepper. Roast on top rack until browned and crispy 20-25 minutes. Swap in broccoli for potatoes; roast 12-15 minutes. , MAKE ONION JAM Meanwhile heat a drizzle of oil in a large pan over medium heat. Add onion; cook stirring occasionally until browned and softened 8-10 minutes. TIP: If onion starts to brown too quickly add a splash of water. Stir in vinegar and 1 tsp sugar (2 tsp for 4 servings). Continue cooking until onion is caramelized and jammy. 2-3 minutes more. Season with salt and pepper. Turn off heat; transfer to a small bowl. Wash out pan. , MAKE GARLIC MAYO In a second small bowl combine mayonnaise with a pinch of garlic (taste and add more from there if desired). Season with salt and pepper. , COOK PATTIES Form beef* into two patties (four patties for 4 servings) each slightly wider than a burger bun. Season all over with salt and pepper. Heat a drizzle of oil in pan used for onion over medium-high heat. Add patties; cook to desired doneness 3-5 minutes per side. In the last 1-2 minutes of cooking top each patty with Monterey Jack; cover pan to melt cheese. , FINISH & SERVE Halve buns and toast until golden. Spread cut sides of buns with ketchup and garlic mayo to taste. Fill with patties and as much onion jam as you like. Serve with potato wedges on the side.",https://i.imgur.com/Ayq7lyN.jpeg,FALSE,FALSE
MOO SHU PORK BOWLS,"with Cabbage, Scallions & Buttery Rice",790,5,20,"HOISIN SAUCE
Sweet and tangy, with a barbecue-like kick DOUBLE TAKE
Why do we ask you to separate the scallion whites from the greens? The whites have a firmer texture and stronger, oniony flavor, which makes them better suited for cooking. The greener tops are milder and more tender. making them a perfect garnish.","Small pot,Large pan,Kosher salt,Black pepper,Cooking oil (1 tsp | 1 tsp),Sugar (½ tsp | 1 tsp),Butter (1 TBSP | 2 TBSP),Contains: Milk,Paper towels","2|2
Scallions,1|1
Lime,10 oz| 20 oz
Ground Pork**,4 oz | 8 oz
Shredded Red
Cabbage,2 TBSP | 4 TBSP
Hoisin Sauce
Contains: Soy. Wheat,1 oz | 2 oz
Sweet Thai Chili
Sauce
Contains: Soy,4 TBSP | 8 TBSP
Sweet Soy Glaze
Contains: Soy. Wheat,½ Cup | 1 Cup
Jasmine Rice,1 TBSP | 1 TBSP
Sesame Seeds","COOK RICE & PREP Wash and dry produce. In a small pot combine rice ¾ cup water (1½ cups for 4 servings) and a pinch of salt. Bring to a boil. then reduce heat to low. Cook until rice is tender. 15-18 minutes. Keep covered off heat until ready to serve. Thinly slice scallions separating whites from greens. Quarter lime. , COOK PORK Heat a drizzle of oil in a large pan over medium-high heat. Add pork* and cook breaking up meat into pieces until browned and cooked through 4-6 minutes. TIP: If there's excess grease in your pan carefully pour it out. , MAKE STIR-FRY Stir scallion whites and cabbage into pan with pork: cook stirring occasionally until just tender 2-3 minutes. Stir in hoisin chili sauce 2½ TBSP sweet soy glaze (5 TBSP for 4 servings) and ½ tsp sugar (1 tsp for 4) until thoroughly combined. Turn off heat. Taste and season with juice from half the lime (whole lime for 4) salt and pepper. Stir scallion whites and cabbage into pan with shrimp; cook stirring occasionally until cabbage is just tender and shrimp are opaque and cooked through. 2-3 minutes. Cook through the rest of the step as instructed. , FINISH & SERVE Fluff rice with a fork and stir in 1 TBSP butter (2 TBSP for 4 servings) until melted. Season with salt and pepper. Divide rice between bowls and top with moo shu pork. Sprinkle with scallion greens and as many sesame seeds as you like. Serve with any remaining lime wedges on the side.",https://i.imgur.com/Ayq7lyN.jpeg,FALSE,FALSE
MOO SHU PORK PLATTER,with Sesame-Toasted Tortillas & Jasmine Rice,1220,10,35,"SESAME-TOASTED
TORTILLAS
Flour tortillas are cooked with a slick of sesame oil as a shortcut for Mandarin pancakes, which are perfect for cradling the moo shu pork filling. SERVE NOTICE
Serve the pork filling family style and let everyone assemble their pancakes at the table, enjoy it with rice, or both!","Small pot,Large pan,Kosher salt,Cooking oil (2 tsp | 2 tsp),Butter (2 TBSP | 4 TBSP),Contains: Milk","10 oz | 20 oz
Ground Pork,2 oz | 4 oz
Umami Ginger
Sauce
Contains: Soy. Wheat,4 TBSP | 8 TBSP
Katsu Sauce
Contains: Soy. Wheat,1|2
Yellow Onionl,2|4
Scallions,4 oz | 8 oz
Shredded Red
Cabbage,6 | 12
Flour Tortillas
Contains: Wheat,1 TBSP | 2 TBSP
Sesame Oil,¾ Cup | 1½ Cups
Jasmine Rice","PREP Wash and dry produce. Trim and cut scallions separating whites from greens; mince whites and cut greens lengthwise into 1-inch-long matchsticks. Halve peel and thinly slice onion. , COOK RICE Heat a drizzle of oil in a small pot over medium-high heat. Add scallion whites and cook stirring until fragrant 10-15 seconds. Add rice 1½ cups water (3 cups for 4 servings) and a large pinch of salt. Bring to a boil then cover and reduce heat to medium low. Cook until rice is tender 15-18 minutes. Keep covered off heat until ready to serve. , START MOO SHU Heat a drizzle of oil in a large pan over medium-high heat. Add onion. scallion greens and a big pinch of salt. Cook stirring occasionally until onion begins to soften 2-3 minutes. Add pork*; cook breaking up meat into pieces until browned and cooked through 4-6 minutes. Add cabbage; cook stirring occasionally until warmed through. 1-2 minutes. Swap in beef* for pork. (Drain any excess grease from pan before adding cabbage.) , FINISH MOO SHU Add umami ginger sauce katsu sauce ½ cup water (1 cup for 4 servings) and a big pinch of salt to pan with pork mixture. Cook stirring until saucy and evenly coated 1-2 minutes. Turn off heat; stir in 1 TBSP butter (2 TBSP for 4) until melted and combined. Transfer moo shu pork to a large serving platter. Wash out pan. , TOAST TORTILLAS Heat same pan over low heat. Brush tortillas with a thin layer of sesame oil. Add tortillas to pan; cook until golden seconds per side. TIP: Depending on the size of your pan you may need to work in batches. , FINISH & SERVE Fluff rice with a fork: stir in 1 TBSP butter (2 TBSP for 4 servings) until melted. Transfer rice to a serving bowl. Fold tortillas in half then into quarters. Place rice and tortillas on platter with moo shu pork. Serve family style combining rice moo shu pork and tortillas however you like!",https://i.imgur.com/Ayq7lyN.jpeg,FALSE,FALSE
ONE-PAN GINGER BEEF LETTUCE WRAP,"with Zucchini, Gochujang Sauce & Pickled Carrots",510,10,30,"SERVE NOTICE
Wait until just before serving to fill these lettuce wraps so that they don't get soggy. Or serve the fillings family-style in individual bowls and let everyone assemble the wraps at the table!","Medium bowl,Large pan,Kosher salt,Black pepper,Sugar (1 tsp | 2 tsp),Cooking oil (2 tsp | 2 tsp)","1|1
Yellow Onion,1|2
Zucchini,1 Thumb | 1 Thumb
Ginger,1|2
Lemon,1|2
Baby Romaine
Lettuce,4 oz | 8 oz
Shredded Carrots,5 tsp | 10 tsp
White Wine
Vinegar,1 tsp | 2 tsp
Garlic Powder,10 oz | 20 oz
Ground Beef,1 oz | 2 oz
Gochujang Sauce
Contains: Soy
Wheat,2 TBSP | 4 TBSP
Hoisin Sauce
Contains: Soy,Wheat","PREP Wash and dry produce. Halve peel and finely dice half the onion (whole onion for 4 servings). Trim and dice zucchini into ¼-inch pieces. Peel and mince or grate half the ginger (all for 4). Quarter lemon. Trim and discard root end from lettuce: separate leaves. , PICKLE CARROTS In a medium microwave-safe bowl toss carrots with vinegar tsp sugar (2 tsp for 4 servings) and a pinch of salt and pepper. Microwave for 1 minute. Set aside tossing occasionally. , COOK FILLING Heat a drizzle of oil in a large pan over medium-high heat. Add onion; season with salt and pepper. Cook stirring occasionally until tender and lightly browned 5-8 minutes. Add another drizzle of oil zucchini garlic powder and ½ tsp salt (¾ tsp for 4 servings). Cook stirring occasionally. until zucchini is slightly softened 3-5 minutes. Add beef"" and ginger; season with pepper. Cook breaking up meat into pieces until browned 3-4 minutes. TIP: If there's excess grease in your pan carefully pour it out. Stir in gochujang hoisin and ¼ cup water. Cook stirring until beef is saucy and cooked through 2-3 minutes. Remove from heat. Stir in juice from half the lemon: season with salt and pepper to taste. , SERVE Divide lettuce between plates; fill with beef mixture. Garnish with pickled carrots (draining first). Serve with remaining lemon wedges on the side. TIP: Alternatively. serve beef mixture carrots and lettuce in separate bowls and let everyone assemble their own wraps! WK 10-15",https://i.imgur.com/Ayq7lyN.jpeg,TRUE,FALSE
ONE-PAN PORK & PINEAPPLE TACOS,with Pickled Veggies & Lemon Crema,820,10,30,"CARAMELIZED
PINEAPPLE
Just a few minutes in a hot pan gives this sweet-tart fruit a beautiful golden-brown color and caramelized notes. DELISH HISTORY
Taco mashups are trending, but did you know they've been around for a while? Take tacos al pastor-the inspiration for this dish-which was created by Lebanese immigrants to Mexico in the early 1900s. They applied the spit-roasting technique traditionally used for making lamb shawarma to pork, and the rest is history!","Zester,Strainer,2 Small bowls,Plastic wrap,Large pan,Paper towels,Kosher salt,Black pepper,Cooking oil (2 tsp | 2 tsp)","3|6
Radishes,4 oz | 8 0z
Pineapple,1|1
Red Onion,1|1
Lemon,4 TBSP | 8 TBSP
Sour Cream
Contains: Milk,10 oz | 20 oz
Ground Pork*,1 TBSP | 2 TBSP
Spice Blend,1|2,Tex-Mex Paste,6 | 12
Flour Tortillas
Contains: Wheat,¼ oz | ¼ Oz
Cllantro","PREP Wash and dry produce. Trim and thinly slice radishes. Zest and quarter lemon. Halve peel and thinly slice onion. Drain pineapple reserving juice. , MAKE PICKLES & CREMA In a small microwave-safe bowl. combine radishes juice from half the lemon. ¼4 of the onion and a big pinch of salt; cover with plastic wrap. Microwave until veggies are slightly pink 30-45 seconds. In a separate small bowl combine sour cream with lemon zest. Add water l tsp at a time until mixture reaches a drizzling consistency. Season with salt and pepper. , CARAMELIZE PINEAPPLE Heat a drizzle of oil in a large pan over medium-high heat. Add pineapple and season with salt and pepper. Cook stirring until browned and caramelized 3-4 minutes. Turn off heat; remove from pan. Wipe out pan. , COOK PORK Heat a drizzle of oil in same pan over medium-high heat. Add remaining onion and season with salt and pepper. Cook stirring until softened 4-6 minutes. Add pork* and Southwest Spice. Cook breaking up into pieces until browned and cooked through. 4-6 minutes. Stir in Tex-Mex paste caramelized pineapple and reserved pineapple juice until everything is saucy and combined. Simply cook through this step as instructed swapping in turkey* for pork. , WARM TORTILLAS While pork cooks wrap tortillas in damp paper towels and microwave until warm and pliable seconds. , SERVE Divide tortillas between plates; fill with pork mixture lemon crema and as many pickled veggies (draining first) as you like. Pick cilantro leaves from stems; tear leaves and sprinkle over tacos. Serve with remaining lemon wedges on the side.",https://i.imgur.com/Ayq7lyN.jpeg,FALSE,FALSE
ONE-PAN SANTA FE PORK TACOS,with Monterey Jack & Cilantro Lemon Slaw,920,5,20,"HALL OF FAME
Meet one of our all-star recipes: a tried-and-true favorite chosen by home cooks like you! CHOP CHOP
Did you know that cilantro stems are edible? Not only that-they add tons of flavor to your dish.
Since they're slightly less tender than the leaves, chop them as finely as possible in step 1 for the best possible texture. Less food waste, more flavor!","Large pan,Large bowl,Paper towels,Kosher salt,Black pepper,Cooking oil (1 tsp |1 tsp),Sugar (1 tsp | 2 tsp)","1|1
Yellow Onion,¼ oz | ¼,oz
Cilantro
1|1
Lemon,10 oz. 20 Oz
Ground Pork,1 TBSP | 2 TBSP
Southwest Spice
Blend,4 oz | 8 oz
Shredded Red,2 TBSP | 4 TBSP
Mayonnaise
contains. cess,1|2
Tex-Mex Paste,6|12
Flour Tortillas
Contains: Wheat,¼ Cup | ½ Cup
Monterey Jack
Contains: Milk,2 TBSP | 4 TBSP
Sour Cream
Contains: Milk","PREP Wash and dry produce. Halve peel and finely dice onion. Finely chop cilantro. Quarter lemon. , COOK ONION & PORK Heat a drizzle of oil in a large pan over medium-high heat. Add onion and a pinch of salt; cook. stirring occasionally. until slightly softened and lightly browned. 2-3 minutes. Add pork* and Southwest Spice. Cook breaking up meat into pieces until browned and cooked through. 4-6 minutes. TIP: If there's excess grease in your pan. carefully pour it out. Pat chicken* dry with paper towels and season all over with Southwest Spice salt and pepper. Swap in chicken for pork. (No need to break up meat into pieces.) , MAKE SLAW While pork cooks in a large bowl combine cabbage mayonnaise half the cilantro juice from half the lemon (whole lemon for 4 servings) tsp sugar (2 tsp for 4) and a pinch of salt and pepper. , FINISH & SERVE Stir Tex-Mex paste into pan with pork mixture until fully coated. Taste and season with salt and pepper. Remove pan from heat. Wrap tortillas in damp paper towels and microwave until warm and pliable. 30 seconds. Divide tortillas between plates and fill with pork filling. Monterey Jack slaw sour cream and remaining cilantro. Serve with any remaining lemon wedges on the side.",https://i.imgur.com/Ayq7lyN.jpeg,FALSE,FALSE
ONE-POT THAI COCONUT CURRY TURKEY SOUP,"with Sweet Potato, Bell Pepper, Cinger & Carlic",670,10,30,"IN A SLURRY
In step 1, you'll be mixing up a Slurry with equal amounts of cornstarch and water. (Psst-we recommend using a whisk or fork to guarantee no lumps remain.)
This magical liquid helps thicken your soup in seconds and also makes it extra-velvety.","Zester,Small bowl,Large pot,Kosher salt,Black pepper,Cooking oil (2 tsp | 2 tsp),Sugar (1 TBSP | 2 TBSP)","10 oz| 20 oz
Ground Turkey*,3|6
Chicken Stock
Concentrates,1 Clove | 2 Cloves
Garlic,1|1
Yellow Onion,1|2
Sweet Potato,1 TBSP| 2 TBSP
Curry Powder,5.07 oz | 10.14 oz
Coconut Milk
Contains: Tree Nuts,1|2
Bell Pepper',1|1
Lime,1 oz | 2 oz
Sweet Thai
Chili Sauce
Contains: Soy,1 Thumb | 2 Thumbs
Ginger,1 TBSP 2 TBSP
Cornstarch","PREP & MIX SLURRY Wash and dry produce. Core deseed and dice bell pepper into ½-inch pieces. Peel sweet potato if desired then dice into ½-inch pieces. Peel and grate or mince garlic and ginger. Halve peel and finely dice half the onion (whole onion for 4 servings). Zest and quarter lime. In a small bowl combine cornstarch and 1 TBSP water (2 TBSP for 4). Set aside , COOK VEGGIES Heat a drizzle of oil in a large pot over medium-high heat. Add bell pepper and sweet potato; season with ¼ tsp salt (½ tsp for 4 servings) and pepper. Cook stirring occasionally until lightly browned 4-6 minutes. Transfer to a plate. , COOK AROMATICS Heat another drizzle of oil in same pot over medium-high heat. Add garlic ginger and onion. Cook stirring until fragrant 1-2 minutes. , COOK TURKEY Add turkey* to pot with aromatics. Cook breaking up meat into pieces until browned and cooked through 4-6 minutes. Season with curry powder ¼ tsp salt ½ tsp for 4 servings) and pepper. , FINISH SOUP Thoroughly shake coconut milk in container before opening Transfer veggies to pot with turkey mixture. (TIP: If cornstarch in slurry has settled give it another stir now.) Stir in stock concentrates cornstarch slurry. coconut milk chili sauce 1½ cups water (3 cups for 4 servings) and 1 TBSP sugar (2 TBSP for 4). Bring to a boil then reduce to a low simmer. Cook until flavors meld and sweet potato is tender 4-5 minutes. TIP: If soup seems too thick add more water a splash at a time as needed. , FINISH & SERVE Stir juice from two lime wedges (four wedges for 4 servings) into soup. Season with salt and pepper to taste. Divide between bowls. Garnish with lime zest to taste. Serve with any remaining lime wedges on the side.",https://i.imgur.com/Ayq7lyN.jpeg,TRUE,FALSE
PECAN-CRUSTED CHICKEN,with Honey Mustard Sauce & Lemony Apple Salad,610,5,30,"THIS IS CITR-US
When making your salad in step 5, squeeze the lemon directly over the apple slices and give 'em a good toss. Not only will this add a bright pop of flavor, it'll help keep the apple from browning.","Medium bowl,,,Small bowl,,,Paper towels,,,Baking sheet,,,Large bowl,,,Kosher salt,,,Black pepper,,,Olive oil (1 TBSP | 1 TBSP),,,Cooking oil (1 tsp | 1 tsp),,,Butter (1 TBSP | 2 TBSP),Contains: Milk","½ oz |1 oz
Pecans
Contains: Tree Nuts,¼ Cup | ½ Cup
Panko
Breadcrumbs
Contains: Wheat,1 TBSP | 2 TBSP
Fry Seasoning,2 tsp | 4 tsp
Honey,2 tsp | 4 tsp
Dijon Mustard,2 TBSP | 4 TBSP
Mayonnaise
Contains: Eggs,10 oz | 20 oz
Chicken Cutlets,1|2
Apple,1|1
Lemon,2 oz | 4 oz
Mixed Greens","PREP Adjust rack to middle position and preheat oven to 450 degrees. Wash and dry produce. Finely chop pecans (or crush in their bag with a heavy pan or rolling pin). , MAKE CRUST Place 1 TBSP butter (2 TBSP for 4 servings) in a medium microwave-safe bowl. Microwave until melted seconds. Let cool slightly then stir in chopped pecans panko half the Fry Seasoning (you'll use the rest later) a drizzle of olive oil and a pinch of salt and pepper. , MAKE SAUCE In a small bowl combine honey. mustard and mayonnaise. , COOK CHICKEN Pat chicken* dry with paper towels; season with remaining Fry Seasoning. salt and pepper. Place on a lightly oiled baking sheet. Evenly spread tops of chicken with a thin layer of honey mustard sauce (save the rest for serving). Mound with pecan mixture pressing firmly to adhere (no need to coat the undersides). Roast on middle rack until crust is golden brown and chicken is cooked through 15-20 minutes. , MAKE SALAD Meanwhile halve core and thinly slice apple. Quarter lemon. In a large bowl toss mixed greens and apple with a large drizzle of olive oil and as much lemon juice as you like. Season with salt and pepper. , SERVE Divide chicken and salad between plates. Drizzle chicken with remaining honey mustard sauce. Serve with any remaining lemon wedges on the side.",https://i.imgur.com/Ayq7lyN.jpeg,FALSE,FALSE
PLANT-BASED PROTEIN RAGÙ RIGATONI BAKE,with Italian Cheese & Crispy Panko,920,5,35,"WORTH YOUR SALT
When salting your pasta cooking water, don't be shy-you'll want to add a few big pinches until it tastes almost as salty as the sea!
This will help infuse the rigatoni with enough seasoning (aka flavor)
to complement the sauce.","Large pot,Strainer,Large pan,Small bowl,Kosher salt,Black pepper,Cooking oil (2 tsp | 2 tsp),Sugar (1 tsp | 2 tsp),Olive oil (1 TBSP | 2 TBSP),Butter (1 TBSP | 2 TBSP),Contains: Milk","2|2
Scallions,1 Clove | 2 Cloves
Garlic,6 oz | 12 oz
Rigatoni Pasta Contains: Wheat,6 oz | 12 oz
Ground Plant-Based Protein
Contains: Soy,Tree
Nuts. wheat,1 TBSP | 2 TBSP
Tuscan Heat
Spice,13.76 oz | 27.52 oz
Crushed Tomatoes,2 TBSP | 4 TBSP
Cream Cheese
Contains: Milk,½ Cup | 1 Cup Italian Cheese
Blend
Contains: Milk,¼ Cup | ½ Cup
Panko
Breadcrumbs
Contains: Wheat","PREP Heat broiler to high. Bring a large pot of salted water to a boil. Wash and dry produce. Trim and thinly slice scallions separating whites from greens. Peel and mince garlic. , COOK PASTA Once water is boiling add rigatoni to pot. Cook stirring occasionally until al dente 10-12 minutes. Reserve ½ cup pasta cooking water then drain. , COOK PLANT-BASED PROTEIN While pasta cooks heat a large drizzle of oil in a large preferably ovenproof pan over medium-high heat. Add plant-based protein*. Using a spatula press into an even layer; cook undisturbed until browned on bottom 3-4 minutes. Break up protein into pieces and continue cooking until browned all over and warmed through 3-4 minutes more. Add scallion whites garlic Tuscan Heat Spice salt and pepper. Cook stirring until scallion whites are slightly softened minute. , MAKE SAUCE & MIX PANKO Add crushed tomatoes and 1 tsp sugar (2 tsp for 4 servings) to pan with plant-based protein. Pour in ½ cup plain water (¾ cup for 4) salt and pepper; bring to a boil. Reduce heat to medium low and simmer until slightly thickened 5-7 minutes. Stir in cream cheese and 1 TBSP butter (2 TBSP for 4) until melted and combined. While sauce simmers in a small bowl combine panko with 1 TBSP olive oil (2 TBSP for 4). Season with salt and pepper. , TOSS & TOP PASTA Stir drained rigatoni into pan with sauce. If needed stir in reserved pasta cooking water a splash at a time until rigatoni is thoroughly coated in sauce. Taste and season with salt and pepper. TIP: If your pan isn't ovenproof transfer mixture now to a baking dish. Evenly sprinkle with Italian cheese and panko mixture. , FINISH & SERVE Broil pasta until cheese melts and panko is browned 2-4 minutes. TIP: Watch carefully to avoid burning. Sprinkle with scallion greens. Divide between plates and serve.",https://i.imgur.com/Ayq7lyN.jpeg,FALSE,TRUE
PORK SAUSAGE SPAGHETTI BOLOGNESE,with Zucchini Ribbons & Parmesan,910,5,25,"BOLOGNESE
Italian-spiced pork sausage adds fun flavor to this rich, tomatoey sauce. JUST IN CASE
Our preferred technique for removing sausage casing, as you will in step 3? Using the tip of your knife, make a shallow slit along the length of the sausage, then peel away and discard the casing.","Large pot,Peeler,Strainer,Large pan,Kosher salt,Black pepper,Olive oil (1 tsp | 1 tsp),Butter (1 TBSP | 2 TBSP),Contains: Milk,Cooking oll (1 tsp | 1 tsp)","1 Clove | 2 Cloves
Garlic,1|2
Zucchini,6 oz | 12 oz
Spaghetti
Contains: Wheat,9 oz | 18 oz
Pork Sausage,1 TBSP | 2 TBSP
Tuscan Heat D
Spice,14 oz | 28 oz
Marinara Sauce,¼ Cup | ½/ Cup
Parmesan Cheese
Contains. Milk","PREP Bring a large pot of salted water to a boil. Wash and dry produce. Peel and mince garlic. Trim ends from zucchini. Using a peeler shave zucchini lengthwise into thin ribbons. rotating as you go until you get to the seedy core; discard core. , COOK PASTA Once water is boiling add spaghetti to pot. Cook stirring occasionally until al dente 9-11 minutes. Reserve ½ cup pasta cooking water (1 cup for 4 servings) then drain. , COOK SAUSAGE While pasta cooks remove sausage* from casing: discard casing. Heat a drizzle of olive oil in a large pan over medium-high heat. Add sausage and cook breaking up meat into pieces until browned and cooked through 4-6 minutes. Stir in garlic and Tuscan Heat Spice; cook until fragrant seconds. , SIMMER SAUCE Add marinara to pan with sausage mixture then reduce heat to medium. Simmer until flavors meld and sauce has slightly reduced 3-4 minutes. , TOSS PASTA Add drained spaghetti ¼ cup reserved pasta cooking water (½ cup for 4 servings) and 1 TBSP butter (2 TBSP for 4) to pan with sauce. Toss to thoroughly combine. Separate zucchini ribbons with your hands then stir into pasta until slightly softened 1-2 minutes. Taste and season with salt and pepper. TIP: If needed stir in more reserved pasta cooking water a splash at a time until spaghetti is thoroughly coated in sauce. , SERVE Divide pasta between bowls; top with Parmesan and serve.",https://i.imgur.com/Ayq7lyN.jpeg,FALSE,FALSE
SAUCY PORK BURRITO BOWLS,"with Cilantro Citrus Rice, Charred Poblano, Salsa Fresca & Smoky Crema",650,20,25,"POBLANO
Milder than a jalapeño, this earthy green chili pepper develops a smoky depth of flavor once sautéed. NICE CHAR
Lightly charring the veggies in step 4 brings out their smoky. sweet notes. Don't overdo it, though: You want them to be blistered, not burnt.","Small pot,Zester,2 Small bowls,Medium pan,Kosher salt,Black pepper,Cooking oil (2 tsp | 2 tsp)","½ Cup | 1 Cup
Jasmine Rice,1|2
Roma Tomato,1|2
Yellow Onion,1|1
Lemon
Poblano Pepper D,¼ oz | ¼ oz
Cilantro,10 oz | 20 oz
Ground Pork,2 TBSP | 4 TBSP
Smoky Red
Pepper Crema
Contains: Milk,Soy,1|2
Tex-Mex Paste","COOK RICE In a small pot combine rice ¾ cup water (1½ cups for 4 servings) and a pinch of salt. Bring to a boil then cover and reduce to a low simmer. Cook until rice is tender 15-18 minutes. Keep covered off heat until ready , PREP While rice cooks wash and dry produce. Finely dice tomato. Halve peel and cut onion into ½-inch-thick wedges; mince one wedge until you have 1 TBSP (2 TBSP for 4 servings). Zest and quarter lemon. Core deseed and dice poblano into ½-inch pieces. Mince cilantro. , MAKE SALSA & CREMA In a small bowl combine tomato minced onion and a big squeeze of lemon juice. Season with salt. Add smoky red pepper crema to a separate small bowl. Stir in water 1 tsp at a time until mixture reaches a drizzling consistency. , COOK VEGGIES Heat a drizzle of oil in a medium pan (use a large pan for 4 servings) over medium-high heat. Add poblano and onion wedges. Season with salt. Cook stirring occasionally until softened and lightly charred 7-9 minutes. Transfer to a plate. , COOK PORK Heat a drizzle of oil in same pan over medium-high heat. Add pork* and a big pinch of salt. Cook breaking up meat into pieces until browned. 4-6 minutes. Stir in Tex-Mex paste and ¼ cup water (/ cup for 4 servings) until combined Bring to a simmer and cook until mixture is saucy and pork is cooked through 1-2 minutes more. , FINISH & SERVE Fluff rice with a fork: stir in lemon zest and half the cilantro. Season with salt and pepper. TIP: Stir in 1 TBSP butter (2 TBSP for 4 servings) for extra richness. Divide rice between bowls and top with veggies pork salsa crema remaining cilantro and any remaining sauce from pan. Serve with remaining lemon wedges on the side.",https://i.imgur.com/Ayq7lyN.jpeg,FALSE,FALSE
SESAME SOY CHICKEN BOWLS,"with Chili Mayo, Cilantro & Crispy Onions",950,5,20,"THE RICE IS RIGHT
Want to nail the perfect pot of rice? Once your water boils in step 1, immediately cover the pot with a tight-fitting lid and reduce the heat to the lowest setting. Let it simmer until no water remains (resisting the urge to peek!). Finally, let the pot sit off heat for a few minutes while you cook the rest of the meal. This crucial step allows the moisture to redistribute, giving you tender, fluffy grains every time.","Small pot,Zester,Small bowl,Paper towels,Large pan,Kosher salt,Black pepper,Cooking oil (1 tsp | 1 tsp),Butter (1 TBSP | 2 TBSP),Contains: Milk","¾ Cup | 1½ Cups
Jasmine Rice,1/1
Lemon,¼ oz | ¼ Oz
Cilantro,2 TBSP | 4 TBSP
Mayonnaise
Contains: Eggs,1 oz | 2 oz
Sweet Thai Chili Sauce
Contains: Soy,10 oz | 20 oz
Chicken Breast
Strips,4 oz | 8 oz
Shredded Carrots,4 TBSP | 8 TBSP
Sweet Soy
Glaze
Contains: Soy,,1.5 oz | 3 oz
Sesame Dressing
Contains: Soy. Wheat,1|2
Crispy Fried
Onions
Contains: Wheat","COOK RICE In a small pot combine rice 1¼ cups water (2¼ cups for 4 servings) and a pinch of salt. Bring to a boil then cover and reduce to a low simmer. Cook until rice is tender 15-18 minutes. Keep covered off heat until ready to serve. , PREP & MIX MAYO While rice cooks wash and dry produce. Zest and quarter lemon. Roughly chop cilantro. In a small bowl combine mayonnaise with chili sauce to taste. , COOK CHICKEN Pat chicken* dry with paper towels and season all over with salt and pepper. Heat a drizzle of oil in a large pan over medium-high heat. Add chicken and cook stirring until browned all over 3-4 minutes. Stir in carrots sweet soy glaze and sesame dressing. Cook until carrots are softened chicken is cooked through and sauce has thickened 2-4 minutes more. Taste and season with salt and pepper. Turn off heat. , FINISH & SERVE Fluff rice with a fork; stir in lemon zest and 1 TBSP butter (2 TBSP for 4 servings). Season with salt and pepper. Divide rice between bowls and top with chicken mixture and any remaining sauce from pan. Drizzle with chili mayo. Sprinkle with crispy fried onions and cilantro. Serve with lemon wedges on the side.",https://i.imgur.com/Ayq7lyN.jpeg,FALSE,FALSE
SOUTHWEST BEEF CAVATAPPI,with Poblano & Smoky Red Pepper Crema,1020,5,35,"FEELIN' HOT
Not a fan of spicy food? Or can't get enough of the heat? Feel free to add as much or as little of the hot sauce as you like in step 5.
After all, you're the chef!","Large pot,Strainer,Medium pan,Kosher salt,Black pepper,Cooking oil (1 TBSP | 1 TBSP),Butter (1 TBSP | 2 TBSP),Contains: Milk","1|2
Poblano Pepper,2|2
Scallions,6 oz | 12 oz
Cavatappi Pasta
Contains: Wheat,10 oz | 20 oz
Ground Beef,1 TBSP | 2 TBSP
Southwest Spice
Blend,14 oz | 14 Oz
Diced Tomatoes,2|4
Beef Stock
Concentrates,2 TBSP | 4 TBSP
Sour Cream
Contains: Milk,4 TBSP | 8 TBSP
Smoky Red
Pepper Crema
Contains: Milk,Soy,½ Cup | 1 Cup
Mexican Cheese
Blend
Contains: Milk,1 tsp | 1 tsp
Hot Sauce D","PREP Bring a large pot of salted water to a boil. Wash and dry produce. Halve deseed and thinly slice poblano into strips. Trim and thinly slice scallions separating whites from greens. , COOK PASTA & POBLANO Once water is boiling add cavatappi to pot. Cook stirring occasionally until al dente 9-11 minutes. Reserve 1 cup pasta cooking water (2 cups for 4 servings) then drain. Meanwhile heat a large drizzle of oil in a medium pan (use a large pan for 4) over medium-high heat. Add poblano and season with salt and pepper. Cook stirring occasionally until slightly softened 4-5 minutes. , COOK BEEF Add a drizzle of oil to pan with poblano; add beef* and scallion whites. Season with Southwest Spice salt and pepper. Cook breaking up meat into pieces until beef is browned and cooked through 4-6 minutes. TIP: If there's excess grease in your pan carefully pour it out. Add half the diced tomatoes (all for 4 servings) and cook stirring occasionally seconds more. , COOK SAUCE Add ½ cup reserved pasta cooking water (¾ cup for 4 servings) and stock concentrates to pan with beef mixture. Season with ½ tsp salt (1 tsp for 4) and a pinch of pepper. Bring to a simmer and cook stirring until thickened 2-3 minutes. , FINISH PASTA Reduce heat to low and stir in drained cavatappi sour cream smoky red pepper crema half the Mexican cheese (you'll use the rest in the next step) TBSP butter (2 TBSP for 4 servings) and hot sauce to taste. Season with salt and pepper to taste. TIP: If needed stir in more reserved pasta cooking water a splash at a time until pasta is coated in a creamy sauce. , FINISH & SERVE Top beef cavatappi with remaining Mexican cheese; cover pan until cheese melts 1-2 minutes. Top with scallion greens and serve.",https://i.imgur.com/Ayq7lyN.jpeg,FALSE,FALSE
SPICY HARISSA CHICKEN BOWLS,over Tabbouleh with Feta & Greek Vinaigrette,640,10,25,"SPICE UP YOUR LIFE
If you're as spice-obsessed as we are, you'll love harissa, a North African chili paste. Here, we use harissa powder to infuse bulgur and chicken with rich, smoky heat. Bonus: You may have a bit left over when you're done cooking. Save it to add oomph to popcorn, eggs, or hummus.","Small pot,Paper towels,Large pan,Large bowl,Kosher salt,Black pepper,Cooking oil (1 tsp | 1 tsp),Butter (½ TBSP | 1 TBSP),Contains: Milk","½ Cup | 1 Cup
Bulgur Wheat
Contains: Wnea.,1|2
Chicken Stock
Concentrate,1 TBSP | 1 TBSP
Harissa Powder,1|2
Persian Cucumber,1|2
Roma Tomato,¼ oz | ¼4 oz
Dill,10 oz | 20 oz
Cnlcken oredsu
Strips,1 TBSP | 2 TBSP
Tunisian Spice,½ Cup | 1 Cup
Feta Cheese
Contains: Milk,1.5 oz | 3 oz
Greek Vinaigrette
Dressing
Contains: Eggs,Milk","COOK BULGUR In a small pot combine bulgur stock concentrate cup water ½ tsp harissa powder (you'll use more later) and salt (we used ½ tsp). (For 4 servings use 2 cups water and 1 tsp harissa powder; we used 1 tsp salt.) Bring to a boil then cover and reduce to a low simmer. Cook until water has absorbed and bulgur is tender 12-15 minutes. Keep covered off heat until ready to use in step 4. , PREP While bulgur cooks wash and dry produce. Trim and finely dice cucumber. Finely dice tomato. Pick and mince fronds from dill. , COOK CHICKEN Pat chicken* dry with paper towels; season with Tunisian Spice tsp harissa powder (be sure to measure) and a big pinch of salt and pepper. (Use remaining harissa powder for 4 servings.) Heat a drizzle of oil in a large pan over medium-high heat. Add chicken in a single layer; cook stirring occasionally until browned and cooked through 4-6 minutes. , FINISH & SERVE Drain any excess liquid from bulgur if necessary. Stir in ½ TBSP butter (1 TBSP for 4 servings) until melted. Transfer to a large bowl along with cucumber tomato. half the feta and minced dill to taste (start with half and add more from there if desired). Toss with half the Greek vinaigrette. Taste and season with salt and pepper. Divide tabbouleh between bowls and top with harissa chicken. Top with remaining Greek vinaigrette and remaining feta. Serve.",https://i.imgur.com/Ayq7lyN.jpeg,FALSE,FALSE
SPICY PERUVIAN CHICKEN,"with Loaded Rice, Pickled Jalapeño & Creamy Salsa Verde",620,10,30,"FAJITA SPICE BLEND
This Peruvian-style dish borrows flavors from quintessential fajita spices (like chili powder and paprika) to add peppery pizzazz. while onion and garlic bring savory notes. QUICK PICKLE-UPPER
In step 3, you'll be microwaving your sliced jalapeño in a lime-y pickling liquid. The heat not only helps the sugar and salt dissolve but also speeds up the pickling process so you can enjoy extra-tangy jalapeño in a snap. Try this technique again with thinly sliced onion or cucumber!","Zester,Small pot,2 Small bowls,Paper towels,Large pan,Kosher salt,Black pepper,Sugar (¼ tsp | ½ tsp),Cooking oil (1 tsp | 1 tsp),Butter (1 TBSP | 2 TBSP),Contains: Milk","2|2
Scallions,2 Cloves | 4 Cloves
Garlic,1|1
Jalapeño D,1|2
Lime,1|2
Roma Tomato,¼,oz |¼,Oz
Cilantro,1 TBSP | 2 TBSP
Fajita Spice
Blend,1|2
Chicken Stock
Concentrate,½ Cup | 1 Cup
Jasmine Rice,10 oz | 20 oz
Chicken Cutlets*,2 TBSP | 4 TBSP
Mayonnaise
Contains: Eggs,2 TBSP | 4 TBSP
Sour Cream
Contains: Milk","PREP Wash and dry produce. Peel and mince or grate garlic. Trim and thinly slice scallions separating whites from greens. Thinly slice jalapeño into rounds removing ribs and seeds for less heat. Zest and quarter lime. Finely chop cilantro. Dice tomato into ½-inch pieces. , COOK RICE Reserve a pinch of garlic (you'll use it in step 5). Melt 1 TBSP butter (2 TBSP for 4 servings) in a small pot over medium heat: add scallion whites remaining garlic and 1 tsp Fajita Spice (2 tsp for 4) to pot. Cook stirring until softened and fragrant 2-3 minutes. Add rice stock concentrate ¾ cup water (1½ cups for 4) and a pinch of salt. Bring to a boil; cover and reduce heat to low. Cook until rice is tender 15-18 minutes. Keep covered off heat until ready to serve. After cooking aromatics add cauliflower rice to pot; cook stirring. until browned 3-4 minutes. Add stock concentrate ¼ cup water (/ cup for 4). and a big pinch of salt. Cook stirring. until softened 2-3 minutes. Keep covered off heat until ready to serve. (Save jasmine rice for another use.) , PICKLE JALAPEÑO In a small microwave-safe bowl combine jalapeño juice from half the lime. ¼4 tsp sugar and a pinch of salt. (For 4 servings use juice from one lime ½ tsp sugar. and a big pinch of salt.) Microwave for 30 seconds. Set aside to pickle stirring occasionally. , COOK CHICKEN Pat chicken* dry with paper towels. Season all over with remaining Fajita Spice salt and pepper. Heat a drizzle of oil in a large pan over medium-high heat. Add chicken and cook until browned and cooked through 3-5 minutes per side. Turn off heat; transfer to a cutting board , MAKE CREAMY SALSA VERDE While chicken cooks remove jalapeño from pickling liquid (reserve liquid). Reserve a few rounds for garnish; mince remaining. In a second small bowl combine cilantro. mayonnaise sour cream reserved garlic a squeeze of lime a big pinch of lime zest and a pinch of minced jalapeno to taste. (TIP: If you like some zesty heat add a small splash of jalapeño pickling liquid in place of or in addition to lime juice.) Add water 1 tsp at a time until sauce reaches a drizzling consistency. Season with salt and pepper. , FINISH & SERVE Fluff rice with a fork. Stir in tomato half the scallion greens remaining lime zest. a squeeze of lime juice and as much remaining minced jalapeño as you like. Season with salt and pepper. Thinly slice chicken crosswise. Divide rice between bowls and top with chicken. Squeeze juice from remaining lime over chicken. Drizzle everything with creamy salsa verde: garnish with remaining scallion greens and as many reserved jalapeño rounds as you like. Serve.",https://i.imgur.com/Ayq7lyN.jpeg,FALSE,FALSE
SWEET CHILI PORK & CABBAGE STIR-FRY,with Cilantro & Crispy Fried Onions,830,5,20,"CRISPY FRIED ONIONS
This addictive topping adds crunchy contrast to fluffy rice, tender cabbage, and saucy pork. BEST PRESSED
In step 3, we ask you to press the pork into an even layer before breaking it up. Why? Giving the meat a few undisturbed minutes in the hot pan (sans stirring) will help it to brown and develop crispy, almost caramelized edges.","Small pot,Small bowl,Large pan,Kosher salt,Black pepper,Cooking oil (2 tsp | 2 tsp),Butter (1 TBSP | 1 TBSP),Contains: Milk,Paper towels","½ Cup | 1 Cup
Jasmine Rice,4 TBSP | 8 TBSP
Sweet Soy
Glaze
Contains: Soy.,1 oz | 2 oz
Sweet Thai Chili Sauce
Contains: Soy,12 ml | 24 ml
Ponzu Sauce
Contains: Fish. Soy.
Wheat,5 tsp | 5 tsp
Rice Wine
Vinegar,10 oz | 20 oz
Ground Pork,1 tsp | 2 tsp
Garlic Powder,4 oz | 8 oz
Red Cabbage and
Carrot Mix,1|2
Crispy Fried
Onions
Contains: Wheat,¼ oz | ¼ oz
Cilantro","COOK RICE Wash and dry produce. In a small pot combine rice ¾ cup water (1½ cups for 4 servings) and a big pinch of salt. Bring to a boil then cover and reduce to a low simmer. Cook until rice is tender 15-18 minutes. Keep covered off heat until ready to serve. , MAKE SAUCE While rice cooks in a small bowl combine sweet soy glaze chili sauce ponzu and half the vinegar (all for 4 servings). TIP: If you like a sweeter sauce stir in a pinch of sugar. , COOK PORK Heat a large drizzle of oil in a large pan over medium-high heat. Add pork* and garlic powder; season with salt and pepper. Using a spatula press into an even layer. Cook undisturbed until browned on bottom 3-4 minutes. Break up meat into pieces and continue cooking until pork is cooked through 1-2 minutes. Stir in sauce and cook stirring until slightly thickened minute more. , FINISH & SERVE Stir red cabbage and carrot mix into pan with pork; cook until just tender 2-3 minutes. Taste and season with salt and pepper. Turn off heat. Fluff rice with a fork; stir in 1 TBSP butter until melted. Divide rice between bowls and top with stir-fry and crispy fried onions. Pick cilantro leaves from stems; roughly tear and sprinkle over bowls. Serve.",https://i.imgur.com/Ayq7lyN.jpeg,FALSE,FALSE
SWEET CHILI PORK BOWLS,with Bell Pepper & Candied Peanuts,970,5,30,"SWEET CHILI SAUCE
A mouthwatering mix of spicy, sweet, and umami flavors IM-PRESSED
In step 5, we ask you to press the pork into an even layer before breaking it up. Why? Civing the meat a few undisturbed minutes in the hot pan (sans stirring) will help it to brown and develop crispy, almost caramelized edges.","Zester,Small pot,Large pan,Small bowl,Kosher salt,Black pepper,Sugar (1 tsp | 2 tsp),Cooking oil (1 TBSP | 1 TBSP),Butter (2 TBSP | 4 TBSP),Contains: Milk","1|2
Bell Pepper*,1|2
Yellow Onion,1|1
Lime,¼ oz | ¼ oz
Cilantro,¾ Cup | 1½ Cups
Jasmine Rice,½ oz | 1 oz
Peanuts
Contains: Peanuts,10 oz | 20 oz
Ground Pork,4 TBSP | 8 TBSP
Sweet Soy
Glaze
Contains: Soy,Wheat,1 oz | 2 oz
Sweet Thai Chili Sauce
Contains: Soy","PREP Wash and dry produce. Halve core and thinly slice bell pepper into strips. Halve peel and thinly slice onion. Zest and quarter lime. Finely chop cilantro. , COOK RICE In a small pot combine rice 1¼ cups water (2¼ cups for 4 servings) and a pinch of salt. Bring to a boil then cover and reduce to a low simmer. Cook until rice is tender 15-18 minutes. Keep covered off heat until ready to serve. , CANDY PEANUTS While rice cooks heat a large. preferably nonstick pan over medium-high heat. Add peanuts TBSP water and 1 tsp sugar (2 tsp for 4 servings). Cook stirring often until water has evaporated and peanuts are coated and lightly toasted 3-5 minutes. Turn off heat; transfer to a small bowl. Wipe out pan. , COOK VEGGIES Heat a large drizzle of oil in same pan over medium-high heat. Add bell pepper and onion; season with salt and pepper. Cook stirring until tender and lightly browned 6-9 minutes. Transfer veggies to a plate. , COOK PORK Add a drizzle of oil to same pan over medium-high heat. Add pork*; season with salt and pepper. Using a spatula press into an even layer. Cook undisturbed until browned on bottom 3-4 minutes. Break up meat into pieces and continue cooking until pork is cooked through 2-4 minutes. Stir in cooked veggies then add sweet soy glaze chili sauce and 1 TBSP butter (2 TBSP for 4 servings). Cook stirring until mixture is thoroughly coated 1-2 minutes more. Simply cook through this step as instructed swapping in turkey* for pork. , FINISH & SERVE Fluff rice with a fork; stir in 1 TBSP butter (2 TBSP for 4 servings) and lime zest to taste. Season with salt. Divide rice between bowls and top with pork mixture peanuts and cilantro. Serve with lime wedges on the side.",https://i.imgur.com/Ayq7lyN.jpeg,FALSE,FALSE
TAQUERIA CHICKEN BOWLS,"with Corn Esquites, Sour Cream, Hot Sauce & Cilantro",800,5,20,"ESQUITES
A popular Mexican street food combining corn kernels. mayonnaise. chili powder, cheese, and lime juice A-MAIZE-ING
Charring your corn gives it a delicious. smoky-sweet depth of flavor. Just be careful as the kernels cook in step 3-it's natural for them to pop a bit. Cover the pan if this happens, and be sure to drain and dry the corn thoroughly before cooking.","Small pot,Large bowl,Strainer,Paper towels,Large pan,Kosher salt,Black pepper,Cooking oil (2 tsp | 2 tsp),Medium bowl,Plastic wrap","½ Cup | 1 Cup
Jasmine Rice,1|2
Lime,2 TBSP | 4 TBSP
Mayonnaise
Contains: Eggs,1 tsp | 2 tsp
Chili Powder,13.4 oz | 26.8 oz
Corn,10 oz | 20 oz
Chicken Breast
Strips,1 TBSP | 2 TBSP
Southwest Spice
Blend,1|2
Chicken Stock
Concentrate,¼ Cup | ½ Cup
Monterey Jack
Cheese
Contains: Milk,4 TBSP | 8 TBSP
Sour Cream
Contains: Milk,1 tsp | 2 tsp
Hot Sauce,¼ oz | ½ oz
Cilantro","COOK RICE In a small pot combine rice ¾ cup water (½ cups water for 4 servings). and a pinch of salt. Bring to a boil then cover and reduce to a low simmer. Cook until rice is tender. 15-18 minutes. Keep covered off heat until ready to serve. Place cauliflower rice in a medium. microwave-safe bowl (use a large bowl for 4 servings). Cover bowl with plastic wrap and poke a few holes in wrap. Microwave until tender. 5 minutes. Carefully uncover and set aside. (Save jasmine rice for another use.) , MAKE CHILI MAYO While rice cooks wash and dry produce Quarter lime In a large bowl combine mayonnaise. half the chili powder (you'll use the rest later). and juice from half the lime. Season with salt and pepper. , CHAR CORN Drain corn then pat very dry with paper towels. Heat a drizzle of oil in a large pan over high heat. (TIP: If using a nonstick pan heat without oil.) Add corn and cook stirring occasionally until golden brown and lightly charred in spots. 4-6 minutes. TIP: If corn begins to pop. cover pan. Turn off heat. Transfer corn to bowl with chili mayo; stir to combine. Cover to keep warm. Wipe out pan. , COOK CHICKEN Heat a drizzle of oil in same pan over medium-high heat. Add chicken*. Southwest Spice remaining chili powder. and a big pinch of salt. Cook. stirring occasionally until chicken is browned and cooked through. 4-6 minutes. Stir in stock concentrate and ¼ cup water ½ cup water for 4 servings). Bring to a simmer and cook until saucy. 2-3 minutes. Season with salt and pepper. Remove pan from heat. , MAKE ESQUITES While chicken cooks stir half the Monterey Jack (save the rest for serving) into bowl with corn mixture. Taste and season with salt. pepper and a squeeze of lime juice if desired , FINISH & SERVE Fluff rice with a fork and season with salt and pepper. Divide rice between bowls and top with chicken. esquites and remaining Monterey Jack. Dollop with sour cream and drizzle with hot sauce to taste. Pick cilantro leaves from stems: tear leaves into pieces and sprinkle over dish. Serve with any remaining lime wedges on the side.",https://i.imgur.com/Ayq7lyN.jpeg,FALSE,FALSE
TUSCAN TRATTORIA CHICKEN & KALE SPAGHETTI,with Parmesan,810,5,25,"WORTH YOUR SALT
When salting your pasta cooking water, don't be shy-you'll want to add a few big pinches until it tastes almost as salty as the sea!
This will help infuse the noodles with enough seasoning (aka flavor)
to complement the sauce.","Large pot,Zester,Paper towels,Strainer,Large pan,Kosher salt,Black pepper,Olive oil (2 tsp | 2 tsp),Butter (1 TBSP | 2 TBSP),Contains: Milk","4 0z 8 oz,1 Clove | 2 Cloves
Garlic
Chicken Beast
Strips
Tuscan Heat
Spice,6 oz| 12 oz
Spaghetti
Contains: Wheat,40Z | 80Z
Cream Sauce
Base,1|1
Lemon,¼ Cup | ½ Cup
Parmesan Cheese
Contains: Milk","PREP Bring a large pot of salted water to a boil. Wash and dry produce. Remove and discard any large stems from kale; roughly chop leaves. Peel and mince or grate garlic. Zest and quarter lemon. Pat chicken* dry with paper towels; season all over with salt pepper and half the Tuscan Heat Spice (all for 4 servings). , COOK PASTA Once water is boiling add spaghetti to pot. Cook stirring occasionally until al dente 9-11 minutes. Reserve ½ cup pasta cooking water then drain. , COOK KALE While pasta cooks heat a drizzle of olive oil in a large pan over medium-high heat. Add kale and a splash of water. Cook until kale is wilted and very tender 5-7 minutes. TIP: If necessary cook kale in batches. Stir in garlic and cook until fragrant. 30 seconds; add lemon zest. Season with salt and pepper. Transfer to a plate. , COOK CHICKEN Heat a drizzle of olive oil in pan used for kale over medium-high heat. Add chicken in a single layer; cook stirring occasionally until browned and cooked through 4-6 minutes. , MAKE SAUCE Transfer kale to pan with chicken and reduce heat to medium low. Add cream sauce base. Stir in ¼ cup reserved pasta cooking water. Bring to a simmer and cook until sauce is combined and thickened 2-3 minutes. , FINISH & SERVE Add drained spaghetti and 1 TBSP butter (2 TBSP for 4 servings) to pan with sauce; toss to combine. Add a squeeze of lemon juice. Season with salt and pepper. If needed stir in more reserved pasta cooking water a splash at a time until pasta is coated in a creamy sauce. Divide pasta between bowls and top with Parmesan. Serve with remaining lemon wedges on the side.",https://i.imgur.com/Ayq7lyN.jpeg,FALSE,FALSE
WHITE CHEDDAR WONDERBURGERS,"with OLD BAY® Fries, Caramelized Onion & Special Sauce",1020,10,35,"SPECIAL SAUCE
Ketchup, mayo, mustard, and Old Bay Seasoning combine for a creamy, smoky-sweet spread for burgers. SMASH HIT
Why do we ask you to form the beef mixture into balls, not patties, in step 4? Holding off on flattening them until step 5 is what makes these burgers special! A spatula and some force give your patties crispy, craggy edges that become perfectly caramelized in the pan.","Baking sheet,Medium pan,2 Small bowls,Kosher salt,Black pepper,Cooking oil (4 tsp | 4 tsp),Sugar (1 tsp | 2 tsp)","1|2
Yellow Onion,12 oz | 24 oz
Yukon Gold
Potatoes*
OLD BAY,1|2
OLD BAY
Seasoning,2 TBSP | 4 TBSP
Mayonnaise
Contains: Eggs,2 TBSP | 4 TBSP
Ketchup,2 tsp | 4 tsp
Dijon Mustard,10 oz | 20 oz
Ground Beef,½ Cup | 1 Cup
White Cheddar
Cheese
Contains: Milk,2|4
Potato Buns
Contains: Eggs,Milk,Soy. Wheat","PREP Adjust rack to top position and preheat oven to 425 degrees. Wash and dry produce. Cut potatoes into ½-inch-thick wedges. Halve peel and thinly slice onion. Cut broccoli florets into bite-size pieces if necessary. (Save potatoes for another use.) , ROAST POTATOES Toss potatoes on a baking sheet with a drizzle of oil and half the OLD BAY® Seasoning (you'll use more later). Season lightly with salt and pepper. TIP: No need to season generously-there's already salt and pepper in the seasoning! Roast on top rack until browned and crispy 20-25 minutes. Swap in broccoli for potatoes. , CARAMELIZE ONION While potatoes roast heat a large drizzle of oil in a medium preferably nonstick pan over medium-high heat. Add onion; cook stirring occasionally. until browned and softened 8-10 minutes. Add 1 tsp sugar (2 tsp for 4 servings) and a splash of water; cook until onion is caramelized and jammy 2-3 minutes more. Season with salt and pepper. Turn off heat; transfer to a small bowl. , MAKE SAUCE & FORM BEEF Meanwhile in a second small bowl combine mayonnaise ketchup mustard and as much remaining OLD BAY® Seasoning as you like. Set aside. Form beef* into two equal-size balls (four balls for 4 servings); season all over with salt and pepper. , COOK PATTIES Heat a drizzle of oil in pan used for onion over medium-high heat. Once pan is hot add beef. Firmly flatten each ball with a spatula to create very thin patties. (TIP: Do so carefully; oil may splatter a bit.) Cook to desired doneness 3-4 minutes per side. (Don't worry if the patties aren't perfectly round-those irregular edges will turn crispy.) In the last 1-2 minutes of cooking top patties with cheddar; cover pan until cheese melts. Remove from heat. , FINISH & SERVE While patties cook halve and toast buns. Divide buns between plates and fill with patties caramelized onion and half the special sauce. Serve Old Bay fries on the side with remaining special sauce for dipping.",https://i.imgur.com/Ayq7lyN.jpeg,FALSE,FALSE
YUCATÁN CITRUS CHICKEN BOWLS,"with Poblano, Smoky Crema & Pickled Onion",630,10,35,"MANDARIN ORANGE
Sweeter than the common orange, this citrus fruit's juice is perfect for marinades, sauces, or dressings. MARVELOUS MARINADE
Citrus juice is a key ingredient in the cuisine of the Yucatan, a region bordering the Gulf of Mexico. There, it's often used as a marinade for meat, as well as a pickling liquid for tangy onions. Here, we pair lemon and mandarin orange juices with zesty spices to add punchy, vibrant complexity to chicken, then garnish with lemon-pickled onion slices for good measure.","Zester,Paper towels,Medium bowl,Small pot,2 Small bowls,Large pan,Kosher salt,Black pepper,Sugar (¼ tsp | ½ tsp),Cooking oil (1 TBSP | 1 TBSP),Butter (1 TBSP | 1 TBSP),Contains: Milk,Cooking oil (1 tsp | 1 tsp)","1|2
Mandarin Orange,1|1
Lemon,1|1
Yellow Onion,1|2
Poblano Pepper,¼ oz | ¼ oz
Cilantro,10 oz | 20 oz
Chicken Breast
Strips,1|2
Tex-Mex
Paste,1 TBSP | 2 TBSP
Southwest
Spice Blend,½ Cup | 1 Cup
Jasmine Rice,2 TBSP | 4 TBSP
Sour Cream
Contains: Milk,1 tsp | 2 tsp
Smoked Paprika,1 tsp | 1 tsp
Ancho Chili
Powder","PREP & MARINATE CHICKEN Wash and dry produce. Halve mandarin. Zest and quarter lemon. Halve peel and thinly slice onion. Halve core and thinly slice poblano crosswise into strips. Roughly chop cilantro. Pat chicken* dry with paper towels; place in a medium bowl. Toss with Tex-Mex paste juice from mandarin juice from one lemon wedge lemon zest and half the Southwest Spice (you'll use the rest later). , COOK RICE In a small pot combine rice ¾ cup water (1½ cups water for 4 servings) remaining Southwest Spice and a big pinch of salt. Bring to a boil then cover and reduce heat to low. Cook until rice is tender 15-18 minutes. Keep covered off heat until ready to serve. Skip this step! (Save jasmine rice for another use.) , PICKLE ONION & MIX CREMA While rice cooks in a small microwave-safe bowl combine ¼ of the onion juice from two lemon wedges ¼ tsp sugar ½ tsp for 4 servings) and a pinch of salt. Microwave until onion is softened minute. Set aside. In a separate small bowl combine sour cream paprika and a pinch of salt. Add water 1 tsp at a time until mixture reaches a drizzling consistency. , COOK VEGGIES Heat a drizzle of oil in a large pan over medium-high heat. Add poblano and season with salt and pepper. Cook stirring until slightly softened 3-4 minutes. Add another drizzle of oil and remaining onion; season with salt and pepper. Cook stirring until veggies are tender 4-6 minutes. Transfer to a plate. , COOK CHICKEN Heat a drizzle of oil in same pan over medium-high heat. Add chicken in a single layer and cook stirring occasionally until lightly charred and cooked through 4-6 minutes. Add a pinch of chili powder to taste. Taste and season with salt and pepper. Stir in cooked veggies then remove pan , FINISH & SERVE Fluff rice with a fork: stir in 1 TBSP butter and season with salt to taste. Divide rice between bowls and top with chicken and veggies crema and as much pickled onion (draining first) as you like. Sprinkle with cilantro. Halve remaining lemon wedge and serve on the side.",https://i.imgur.com/Ayq7lyN.jpeg,FALSE,FALSE